-- MySQL dump 10.13  Distrib 8.0.32, for Linux (x86_64)
--
-- Host: localhost    Database: ammanfinance
-- ------------------------------------------------------
-- Server version	8.0.32-0ubuntu0.20.04.2

/*!40101 SET @OLD_CHARACTER_SET_CLIENT=@@CHARACTER_SET_CLIENT */;
/*!40101 SET @OLD_CHARACTER_SET_RESULTS=@@CHARACTER_SET_RESULTS */;
/*!40101 SET @OLD_COLLATION_CONNECTION=@@COLLATION_CONNECTION */;
/*!50503 SET NAMES utf8mb4 */;
/*!40103 SET @OLD_TIME_ZONE=@@TIME_ZONE */;
/*!40103 SET TIME_ZONE='+00:00' */;
/*!40014 SET @OLD_UNIQUE_CHECKS=@@UNIQUE_CHECKS, UNIQUE_CHECKS=0 */;
/*!40014 SET @OLD_FOREIGN_KEY_CHECKS=@@FOREIGN_KEY_CHECKS, FOREIGN_KEY_CHECKS=0 */;
/*!40101 SET @OLD_SQL_MODE=@@SQL_MODE, SQL_MODE='NO_AUTO_VALUE_ON_ZERO' */;
/*!40111 SET @OLD_SQL_NOTES=@@SQL_NOTES, SQL_NOTES=0 */;

--
-- Table structure for table `activation`
--

DROP TABLE IF EXISTS `activation`;
/*!40101 SET @saved_cs_client     = @@character_set_client */;
/*!50503 SET character_set_client = utf8mb4 */;
CREATE TABLE `activation` (
  `id` int NOT NULL AUTO_INCREMENT,
  `page_number` varchar(50) DEFAULT NULL,
  `customer_id` varchar(20) DEFAULT NULL,
  `item_name` varchar(100) DEFAULT NULL,
  `item_details` varchar(50) DEFAULT NULL,
  `measurement` varchar(20) DEFAULT NULL,
  `credit_amount` varchar(10) DEFAULT NULL,
  `intrest` varchar(10) DEFAULT NULL,
  `from_date` date DEFAULT NULL,
  `item_image` varchar(200) DEFAULT NULL,
  `status` varchar(10) DEFAULT NULL,
  `created_at` varchar(20) DEFAULT NULL,
  `updated_at` date DEFAULT NULL,
  `login_id` int DEFAULT NULL,
  PRIMARY KEY (`id`)
) ENGINE=InnoDB AUTO_INCREMENT=599 DEFAULT CHARSET=utf8mb4 COLLATE=utf8mb4_0900_ai_ci;
/*!40101 SET character_set_client = @saved_cs_client */;

--
-- Dumping data for table `activation`
--

LOCK TABLES `activation` WRITE;
/*!40000 ALTER TABLE `activation` DISABLE KEYS */;
INSERT INTO `activation` VALUES (1,'01','1','RING','RING WITH ELEPHANT HAIR','1','4000','24','2021-10-07',NULL,'1','2023-02-05 17:18:44',NULL,1),(2,'03','2','KAMMAL 2PAIR','KAMMAL 3 PAIR 4.6GR\r\nKODI KOLUSU 200GR amman 759','4.600','20000','24','2022-01-11',NULL,NULL,'2023-02-05 17:24:14','2023-02-08',1),(3,'04 A','3','KAMMAL,BANGLE',NULL,'2.9','10000','24','2022-08-05',NULL,'1','2023-02-05 17:30:59',NULL,1),(4,'04B','3','CHAIN',NULL,'4.2','10000','24','2022-11-01',NULL,'1','2023-02-05 17:32:02',NULL,1),(5,'06 A','4','RING',NULL,'1','3200','24','2019-02-07',NULL,'1','2023-02-05 17:34:55',NULL,1),(6,'06b','4','RING THONGATTAN',NULL,'3.6','11000','24','2021-03-08',NULL,'1','2023-02-05 17:36:53',NULL,1),(7,'07','5','KAMMAL WITH JIMIKKI',NULL,'4.7','15000','24','2021-10-17',NULL,'1','2023-02-05 17:39:39',NULL,1),(8,'09','7','RING',NULL,'4','8500','24','2022-10-06',NULL,'1','2023-02-05 17:47:22',NULL,1),(9,'10','8','KAMMAL',NULL,'2.150','7500','24','2021-01-24',NULL,'1','2023-02-05 17:51:22',NULL,1),(10,'11','9','kammal with stone',NULL,'7 GR','10000','24','2021-03-29',NULL,'1','2023-02-05 17:53:31',NULL,1),(11,'12','10','RING 2','AMMAN 782','3.5','11000','24','2022-09-28',NULL,'1','2023-02-06 08:49:37',NULL,1),(12,'14','11','KAMMAL1PAIR',NULL,'4.3','15000','24','2021-02-04',NULL,'1','2023-02-06 08:53:30',NULL,1),(13,'15','12','RING1,','UKU','2.9','10000','24','2022-02-11',NULL,'1','2023-02-06 08:56:49',NULL,1),(15,'17','14','RING 1',NULL,'400 ML','1000','24','2021-07-08',NULL,'1','2023-02-06 09:04:08',NULL,1),(16,'16','13','KAMMAL+JIMIKI-1 JODI','PERIYATHALAI VETRIVEL KAGA','3.5','12000','24','2022-10-11',NULL,'1','2023-02-06 09:06:49',NULL,1),(17,'18','15','DAMAGED KAMMAL I JODI,RING 1','THANGARAJ KAGA','3.7','12000','24','2020-10-16',NULL,'2','2023-02-06 09:09:28','2023-02-06',1),(18,'18','15','DAMGED RING 1',NULL,'1 GM','2500','24','2022-12-27',NULL,'1','2023-02-06 09:10:33',NULL,1),(19,'19','16','KAMMAL 1 JODI',NULL,'3 GM','10000','24','2022-07-04',NULL,NULL,'2023-02-06 09:13:33','2023-02-06',1),(20,'20','17','MATTAL 1 JODI',NULL,'3.9 GM','13600','24','2020-12-27',NULL,NULL,'2023-02-06 09:17:53','2023-02-06',1),(22,'21','18','RING 1',NULL,'3 GM','4000','24','2021-02-04',NULL,'1','2023-02-06 09:27:02',NULL,1),(23,'22','19','STAR KAMMAL 1 JODI',NULL,'500 ML','2000','24','2022-08-09',NULL,'1','2023-02-06 09:29:57',NULL,1),(24,'22','19','RING 1',NULL,'3 GM','10000','24','2022-12-17',NULL,'1','2023-02-06 09:30:40',NULL,1),(25,'23','20','SILVER KODI 1',NULL,'108 GM','2000','24','2022-10-11',NULL,'1','2023-02-06 09:32:44',NULL,1),(26,'26','21','SILVER KODI 1',NULL,'70 GM','1500','24','2020-12-16',NULL,'1','2023-02-06 09:35:00',NULL,1),(27,'30','23','KAMMAL 1 JODI',NULL,'2 GM','8000','24','2022-01-05',NULL,'1','2023-02-06 09:40:58',NULL,1),(28,'30','23','RING 1, KAMMAL 1 JODI',NULL,'7 GM','25000','24','2023-01-07',NULL,'1','2023-02-06 09:42:03',NULL,1),(29,'31','23','RING 1',NULL,'2 GM','7000','24','2023-01-21',NULL,'1','2023-02-06 09:42:39',NULL,1),(30,'36','25','SILVER KODI 1',NULL,'50 GM','1000','24','2019-07-06',NULL,'1','2023-02-06 11:28:05',NULL,1),(31,'37','25','KOLUSU 2 JODI',NULL,'88 GM','2500','24','2020-12-15',NULL,NULL,'2023-02-06 11:29:08','2023-02-08',1),(32,'39','26','THIRUMANGALYAM 1,KAMMAL 1 JODI',NULL,'25. GM','5000','24','2021-07-22',NULL,NULL,'2023-02-06 11:32:05','2023-02-08',1),(33,'40','27','KODI 1',NULL,'120 GM','3500','24','2019-03-14',NULL,NULL,'2023-02-06 11:33:47','2023-02-08',1),(34,'42','27','CHAIN+DOLLAR 1',NULL,'4.7 GM','60000','24','2019-10-03',NULL,NULL,'2023-02-06 11:35:33','2023-02-08',1),(35,'43','27','NO THING',NULL,NULL,'8000','24','2019-11-19',NULL,'1','2023-02-06 11:36:49',NULL,1),(36,'45','28','KOLUSU 1 JODI',NULL,'240 GM','5000','24','2020-02-20',NULL,NULL,'2023-02-06 11:40:12','2023-02-08',1),(37,'45','28','RING 1',NULL,'3.2 GM','10000','24','2021-09-23',NULL,NULL,'2023-02-06 11:41:01','2023-02-08',1),(38,'46','28','KODI 1',NULL,'80 GM','2000','24','2021-08-13',NULL,'1','2023-02-06 11:42:26',NULL,1),(40,'47','28','KAMMAL 1 JODI','AMALRAJ KAGA','1.2 GM','4500','24','2022-01-09',NULL,'1','2023-02-06 11:44:21',NULL,1),(41,'48','28','MATTAL 1 JODI','AMALRAJ KAGA','2 GM','6000','24','2021-11-05',NULL,'1','2023-02-06 11:45:21',NULL,1),(42,'48','28','KAL KAMMAL KUCHI 1 JODI,2 JODI',NULL,'1 GM - 700 ML','1500','24','2020-09-30',NULL,'1','2023-02-06 11:49:37',NULL,1),(43,'50','29','RING 1',NULL,'4 GM','13000','24','2021-01-18',NULL,NULL,'2023-02-06 11:51:47','2023-02-08',1),(44,'51','30','VALAYAM 1 JODI',NULL,'4.3 GM','12000','24','2021-03-17',NULL,NULL,'2023-02-06 11:53:25','2023-02-08',1),(45,'51','30','KAMMAL 1 JODI',NULL,'1.90 GM','4000','24','2023-10-31',NULL,'1','2023-02-06 11:54:07',NULL,1),(48,'54','32','RING 2',NULL,'4 GM','12000','24','2021-10-01',NULL,NULL,'2023-02-06 11:58:51','2023-02-08',1),(49,'57','33','KAMMAL 1 JODI ,RING 1',NULL,'6 GM','15000','24','2022-06-19',NULL,NULL,'2023-02-06 12:02:08','2023-02-08',1),(51,'59','35','KAL KAMMAL 1 JODI-2.4 GM',NULL,'1.8 GM','5000','24','2021-04-08',NULL,'1','2023-02-06 12:06:36',NULL,1),(52,'59','35','KAMMAL 1 JODI',NULL,'2.1 GM','5000','24','2022-06-30',NULL,'1','2023-02-06 12:07:16',NULL,1),(54,'60','36','KAMMAL 1 JODI',NULL,'3 GM','10000','24','2023-01-20',NULL,'1','2023-02-06 12:10:53',NULL,1),(55,'61','37','RING 1',NULL,'6.4 GM','12500','24','2022-04-30',NULL,NULL,'2023-02-06 12:12:33','2023-02-08',1),(56,'61','37','RING 2',NULL,'3.8  GM','12000','24','2022-11-19',NULL,'1','2023-02-06 12:13:12',NULL,1),(57,'62','37','KAMMAL 1 JODI',NULL,'10 GM','17000','24','2022-06-08',NULL,'1','2023-02-06 12:14:05',NULL,1),(58,'62','37','KAMMAL 1 JODI',NULL,'4.3 GM','16000','24','2022-12-26',NULL,'1','2023-02-06 12:17:03',NULL,1),(59,'63','38','THIRUMANGALYA DOLLAR 1',NULL,'3 GM','6500','24','2021-05-12',NULL,NULL,'2023-02-06 12:19:47','2023-02-08',1),(60,'64','39','MALAI1',NULL,'32.5 GM','46000','24','2016-01-26',NULL,'1','2023-02-06 12:21:37',NULL,1),(61,'66','14','RING 1',NULL,'3 GM','9000','24','2022-03-07',NULL,'1','2023-02-06 12:23:55',NULL,1),(62,'67','40','KAMMAL 1 JODI',NULL,'2 GM','6000','24','2021-04-08',NULL,'1','2023-02-06 12:26:07',NULL,1),(63,'67','40','KAMMAL 1 JODI,RING 1',NULL,'3.3 GM','8000','24','2022-01-10',NULL,'1','2023-02-06 12:26:47',NULL,1),(64,'68','40','KAL KAMMAL 1 JODI-7.7 GM','AMMAN 105','6.3 gm','22000','24','2022-10-21',NULL,'1','2023-02-06 12:28:25',NULL,1),(65,'68','40','titanic kannal 1 jodi',NULL,'2.5 gm','6000','24','2022-06-01',NULL,'1','2023-02-06 12:29:17',NULL,1),(66,'69','40','kai chain 1',NULL,'2 gm','10000','24','2021-08-12',NULL,'1','2023-02-06 12:30:05',NULL,1),(67,'69','40','KAMMAL 1 JODI ,RING 1','mukkammal mulam','5.4 GM','17000','24','2022-08-10',NULL,'1','2023-02-06 12:31:17',NULL,1),(68,'70','40','RING 2',NULL,'3.3 GM','10000','24','2022-08-01',NULL,'1','2023-02-06 12:32:03',NULL,1),(69,'70','40','MEEN DOLLAR CHAIN 1',NULL,'9.5 GM','35000','24','2022-09-01',NULL,'1','2023-02-06 12:33:02',NULL,1),(70,'71','40','RING 1','MAGAL MULAM','1.9 GM','6000','24','2021-01-01',NULL,'1','2023-02-06 12:34:00',NULL,1),(71,'71','40','MATTAL 1 JODI,DOLLAR 1',NULL,'3.9 GM','12000','24','2022-09-10',NULL,NULL,'2023-02-06 12:35:25','2023-02-08',1),(72,'72','40','RING 2-AS,SM',NULL,'9.5 GM','30000','24','2021-09-02',NULL,'1','2023-02-06 13:17:58',NULL,1),(73,'72','40','KOLUSU 2 JODI',NULL,'120 GM','2500','24','2022-11-10',NULL,'1','2023-02-06 13:19:01',NULL,1),(74,'73','41','KOLUSU 1 JODI',NULL,'112 gm','2500','24','2022-07-04',NULL,'1','2023-02-06 13:20:42',NULL,1),(76,'77','44','KAMMAL+MATTAL 1 JODI',NULL,'4.9 GM','15000','24','2021-10-06',NULL,NULL,'2023-02-06 13:31:08','2023-02-08',1),(78,'77','44','RING 3',NULL,'2.3 GM','7000','24','2021-10-12',NULL,'1','2023-02-06 13:32:02',NULL,1),(79,'78','44','RING 2',NULL,'3.1 GM','11000','24','2023-01-21',NULL,'1','2023-02-06 13:32:51',NULL,1),(80,'84','45','KOLUSU 1 JODI',NULL,'132 GM','3000','24','2023-01-20',NULL,'1','2023-02-06 13:34:42',NULL,1),(81,'86','46','CHAIN WITH SILUVAI DOLLAR 1',NULL,'8 GM','13000','24','2023-01-18',NULL,'1','2023-02-06 13:36:42',NULL,1),(82,'88','47','KAMMAL 1 JODI',NULL,'4 GM','6000','24','2020-07-14',NULL,'1','2023-02-06 13:38:11',NULL,1),(83,'89','47','RING 1',NULL,'3 GM','10000','24','2020-10-24',NULL,'1','2023-02-06 13:38:48',NULL,1),(84,'89','47','KAMMAL I JODI-1.9 GM, KOLUSU 86 GM',NULL,'MIXED','8000','24','2021-09-18',NULL,'1','2023-02-06 13:40:26',NULL,1),(85,'90','47','KAMMAL 1 JODI',NULL,'2.1 GRAM','4000','24','2021-02-15',NULL,'1','2023-02-06 13:41:32',NULL,1),(86,'91','48','kammal 1 jodi',NULL,'2.2 gram','6500','24','2021-11-30',NULL,'1','2023-02-06 13:42:54',NULL,1),(87,'92','48','ring 1',NULL,'800 ml','1000','24','2020-12-03',NULL,'1','2023-02-06 13:43:37',NULL,1),(88,'93','49','kal kammal 1 jodi-4.5 gram',NULL,'3.2 GRAM','10000','24','2022-07-08',NULL,NULL,'2023-02-06 13:46:30','2023-02-08',1),(89,'96','50','CHAIN WITH SILUVAI DOLLAR 1',NULL,'6.75 GM','21000','24','2020-12-07',NULL,'1','2023-02-06 13:48:34',NULL,1),(90,'96','50','KAMMAL+ JIMIKI 1 JODI',NULL,'4.7 GRAM','18000','24','2023-02-03',NULL,'1','2023-02-06 13:49:36',NULL,1),(91,'98','51','RING 1',NULL,'5.96 GM','20000','24','2020-11-03',NULL,'1','2023-02-06 13:51:06',NULL,1),(92,'98','51','KAMMAL+ THONGATTAN 1 JODI',NULL,'3.4 GM','11000','24','2020-11-05',NULL,'1','2023-02-06 13:52:02',NULL,1),(93,'99','52','THIRUMANGALYA DOLLAR 1, RING 1',NULL,'2.8 GM','8000','24','2021-03-29',NULL,'1','2023-02-06 13:53:35',NULL,1),(94,'100','53','KOLUSU 1 JODI',NULL,'106 GM','2000','24','2021-03-12',NULL,'1','2023-02-06 13:54:54',NULL,1),(95,'101','53','KOLUSU 1 JODI','AMMA VU KAGA','96 GM','2000','24','2021-02-24',NULL,'1','2023-02-06 13:55:47',NULL,1),(96,'101','53','RING 1',NULL,'2 GM','6500','24','2021-08-05',NULL,'1','2023-02-06 13:56:30',NULL,1),(97,'103','54','KAMMAL 1 JODI',NULL,'1 GM','3000','24','2020-06-03',NULL,'1','2023-02-06 13:58:12',NULL,1),(98,'105','55','KAMMAL+JIMIKI 1 JODI,MATTAL 1 JODI,DAMAGED RING 1',NULL,NULL,'15000','24','2020-05-30',NULL,'1','2023-02-06 14:00:38',NULL,1),(99,'105','55','KAMMAL 1 JODI',NULL,'3 GM','6000','24','2020-06-21',NULL,'1','2023-02-06 14:01:24',NULL,1),(100,'106','55','RING 1','PONNU KAGA','1.8 GM','4500','24','2019-12-08',NULL,'1','2023-02-06 14:02:17',NULL,1),(101,'106','55','KOLUSU 1 JODI',NULL,'93 GM','2000','24','2022-06-29',NULL,'1','2023-02-06 14:02:52',NULL,1),(102,'107','55','KAMMAL 2 JODI',NULL,'5 GM','12000','24','2020-06-08',NULL,'1','2023-02-06 14:03:32',NULL,1),(103,'107','55','CHAIN WITH OM DOLLAR 1','AMMAN 756','22 GM','70000','24','2021-12-13',NULL,'1','2023-02-06 14:04:20',NULL,1),(104,'108','56','JIMIKI 1 JODI',NULL,'3 GM','10000','24','2021-11-01',NULL,'1','2023-02-06 14:06:00',NULL,1),(105,'110','57','DOCUMENT',NULL,NULL,'200000','24','2014-12-07',NULL,'1','2023-02-06 14:07:48',NULL,1),(106,'111','58','DOCUMENT',NULL,NULL,'160000','24','2013-07-19',NULL,'1','2023-02-06 14:09:03',NULL,1),(107,'112','59','VALAYAM 1 JODI',NULL,'800 ML','2500','24','2022-01-01',NULL,'1','2023-02-06 15:11:02',NULL,1),(108,'113','60','KAI CHAIN 1',NULL,'4.6 GM','10000','24','2021-04-16',NULL,'1','2023-02-06 15:12:39',NULL,1),(109,'114','61','KAMMAL 1 JODI',NULL,'4 GM','15000','24','2021-05-03',NULL,'1','2023-02-06 15:14:32',NULL,1),(110,'115','61','CHAIN 1',NULL,'10GM','35000','24','2022-08-06',NULL,'1','2023-02-06 15:16:05',NULL,1),(111,'115','61','KALKAMMAL 1 JODI-4.4 GM',NULL,'4 GM','15000','24','2022-11-05',NULL,'1','2023-02-06 15:17:24',NULL,1),(112,'116','62','RING 1',NULL,'4 GM','10000','24','2021-01-29',NULL,'1','2023-02-06 15:19:02',NULL,1),(113,'116','62','kalkammal 1 jodi 4.2 gm-35 gm,kolusu 3 jodi-265 gm',NULL,'see item detail','17000','24','2020-11-28',NULL,NULL,'2023-02-06 15:21:31','2023-02-06',1),(114,'117','62','ring 1',NULL,'2.3 gm','7500','24','2021-02-10',NULL,'1','2023-02-06 15:23:54',NULL,1),(115,'118','63','kammal 1 jodi',NULL,'1.4 gm','4500','24','2021-07-26',NULL,'1','2023-02-06 15:27:26',NULL,1),(116,'118','63','ring 2',NULL,'4 gm','10000','24','2022-12-21',NULL,'1','2023-02-06 15:28:10',NULL,1),(117,'122','64','RING 1',NULL,'3 GM','10000','24','2022-07-04',NULL,'1','2023-02-06 15:30:20',NULL,1),(118,'123','65','NECKALS 1 (916)',NULL,'20 GM','57000','24','2020-02-06',NULL,'1','2023-02-06 15:32:07',NULL,1),(119,'124','66','PURE GOLD COIN 1 - 4 GM,RING 1-850ML',NULL,'4.85 GM','14000','24','2019-07-14',NULL,'1','2023-02-06 15:34:18',NULL,1),(120,'124','66','KAMMAL ,KATHU MATTI 1 JODI',NULL,'6.2 GM','20000','24','2021-07-26',NULL,'1','2023-02-06 15:35:15',NULL,1),(121,'125','66','KAMMAL JIMIKI 1 JODI',NULL,'4.4 GM','10000','24','2021-06-16',NULL,'1','2023-02-06 15:36:02',NULL,1),(122,'125','66','RING 3',NULL,'5.5 GM','17000','24','2021-04-28',NULL,'1','2023-02-06 15:36:35',NULL,1),(123,'126','66','KAL KAMMAL 1 JODI- 4 GM',NULL,'3 GM','11500','24','2020-06-01',NULL,'1','2023-02-06 15:37:35',NULL,1),(124,'128','67','KODI 1',NULL,'50 GM','1000','24','2017-09-09',NULL,'1','2023-02-06 15:39:07',NULL,1),(125,'128','67','RING 1',NULL,'2 GM','4000','24','2020-07-18',NULL,'1','2023-02-06 15:39:46',NULL,1),(126,'130','68','KAMMAL 2 JODI,NELIVU RING 1',NULL,'3.1 GM','11000','24','2022-12-14',NULL,'1','2023-02-06 15:41:06',NULL,1),(127,'130','68','RING 2,KAMMAL 1 JODI',NULL,'8.65 GM','28000','24','2022-12-22',NULL,'1','2023-02-06 15:41:59',NULL,1),(128,'131','68','NELIVU RING 1,KAMMAL JIMIKI 1 JODI, KAMMAL THONGATTAN 1 JODI',NULL,'8 GM','30000','24','2022-12-22',NULL,'1','2023-02-06 15:43:22',NULL,1),(129,'132','68','KAL KAMMAL 1 JODI-7 GM',NULL,'5 GM','12000','24','2022-12-22',NULL,'1','2023-02-06 15:44:16',NULL,1),(130,'133','69','RING 1',NULL,'7.8 GM','30000','24','2022-01-31',NULL,'1','2023-02-06 15:46:13',NULL,1),(131,'134','70','KAL KAMMAL 1 JODI-2 GM',NULL,'1.5 GM','5000','24','2022-07-26',NULL,'1','2023-02-06 15:47:34',NULL,1),(132,'135','71','RING 1',NULL,'2 GM','7000','24','2022-09-05',NULL,'1','2023-02-06 15:48:53',NULL,1),(133,'136','72','VALAYAM 1 JODI',NULL,'2.95 GM','9000','24','2021-03-15',NULL,'1','2023-02-06 15:50:02',NULL,1),(134,'1.9','73','MUTHU KAMMAL 2 JODI-4 GM',NULL,'3 GM','10000','24','2020-10-11',NULL,'1','2023-02-06 15:51:29',NULL,1),(135,'140','74','KAMMAL JIMIKI 1 JODI','ARUMUGAKANI MULAM',NULL,'7500','24','2019-12-05',NULL,'1','2023-02-06 15:53:33',NULL,1),(136,'140','74','KAMMAL 1 JODI',NULL,'3 GM','10000','24','2022-05-22',NULL,'1','2023-02-06 15:54:11',NULL,1),(137,'141','74','KAMMAL 1 JODI',NULL,'1 GM','3500','24','2021-10-21',NULL,'1','2023-02-06 15:54:50',NULL,1),(138,'141','74','RING 1',NULL,'1 GM','3000','24','2022-04-28',NULL,'1','2023-02-06 15:55:36',NULL,1),(139,'142','75','KAMMAL 1 JODI',NULL,'2 GM','6000','24','2020-02-12',NULL,'1','2023-02-06 15:58:12',NULL,1),(140,'143','76','KAMMAL THONGATTAN 1 JODI',NULL,'4 GM','10000','24','2023-01-05',NULL,'1','2023-02-06 15:59:41',NULL,1),(141,'143','76','KOLUSU 1 JODI',NULL,'165 GM','4000','24','2023-01-30',NULL,'1','2023-02-06 16:00:17',NULL,1),(142,'144','76','KODI 1',NULL,'62 GM','1500','24','2021-03-24',NULL,'1','2023-02-06 16:00:57',NULL,1),(143,'147','77','KOLUSU 1 JODI',NULL,'94 GM','2000','24','2020-02-07',NULL,'1','2023-02-06 16:02:03',NULL,1),(144,'149','78','KATHU MATTAL 1 JODI','SILUVAI PITCHAI MULAM','3.3 GM','2500','24','2017-01-18',NULL,'1','2023-02-06 16:03:40',NULL,1),(145,'150','80','RING 1','AMMAN  173','2.15 GM','7000','24','2022-07-16',NULL,'1','2023-02-06 16:05:47',NULL,1),(146,'152','81','KAL KAMMAL 1 JODI-6 GM',NULL,'4.5 GM','17000','24','2020-12-09',NULL,'1','2023-02-06 16:08:11',NULL,1),(147,'152','81','RING 1',NULL,'2 GM','7000','24','2022-09-26',NULL,'1','2023-02-06 16:09:00',NULL,1),(148,'153','81','KAL MUKUTHI 1 JODI-2.25 GM',NULL,'1.5 GM','5000','24','2022-04-27',NULL,'1','2023-02-06 16:11:12',NULL,1),(149,'154','81','RING 1',NULL,'1.6 GM','6000','24','2022-10-11',NULL,'1','2023-02-06 16:11:52',NULL,1),(150,'155','82','RING 1',NULL,'3.7 GM','7000','24','2017-04-11',NULL,'1','2023-02-06 16:13:08',NULL,1),(151,'156','83','KAI CHAIN 1',NULL,'1.98 GM','6000','24','2022-10-08',NULL,'1','2023-02-06 16:14:44',NULL,1),(152,'157','18','RING 2',NULL,NULL,'17000','24','2021-08-21',NULL,'1','2023-02-06 16:15:53',NULL,1),(153,'159','84','OM DOLLAR CHAIN 1',NULL,'806 GM','20000','24','2022-11-29',NULL,'1','2023-02-06 16:18:05',NULL,1),(154,'160','85','CHAIN 1,RING 4,KAMMAL 1 JODI',NULL,'7.7 GM','24000','24','2020-08-22',NULL,'1','2023-02-06 16:22:42',NULL,1),(155,'160','85','KAMMAL 1 JODI',NULL,'2.5 GM','8000','24','2021-07-26',NULL,'1','2023-02-06 16:23:37',NULL,1),(156,'161','85','DOLLAR 1',NULL,'5.6 GM','20000','24','2021-03-20',NULL,'1','2023-02-06 16:24:31',NULL,1),(157,'161','85','KAL KAMMAL 1 JODI,KAL MUKUTHI 1 JODI-7 GM',NULL,'5.5 GM','18000','24','2022-05-27',NULL,'1','2023-02-06 16:25:58',NULL,1),(158,'162','85','CHAIN 1,RING 1',NULL,'2.2 GM','6000','24','2022-03-05',NULL,'1','2023-02-06 16:27:00',NULL,1),(159,'162','85','RING 1',NULL,'2 GM','6000','24','2022-01-03',NULL,'1','2023-02-06 16:27:51',NULL,1),(160,'163','86','VALAYAM 1 JODI',NULL,'3 GM','10000','24','2022-08-27',NULL,'1','2023-02-06 16:29:30',NULL,1),(161,'164','86','RING 2',NULL,'2 GM','6000','24','2022-03-02',NULL,'1','2023-02-06 16:30:15',NULL,1),(162,'166','87','KAL NELIVU RING 1- 5 GM',NULL,'3.5 GM','10000','24','2021-04-23',NULL,'1','2023-02-06 16:33:52',NULL,1),(163,'168','88','KAMMAL 1 JODI',NULL,'3.5 GM','12000','24','2021-10-01',NULL,NULL,'2023-02-06 16:35:59','2023-02-08',1),(164,'170','89','RING 2,KAMMAL KUCHI',NULL,'3.1 GM','10000','24','2022-07-14',NULL,NULL,'2023-02-06 16:38:13','2023-02-08',1),(165,'172','90','RING 1 L.S',NULL,'3 GM','10000','24','2021-02-27',NULL,'1','2023-02-06 16:39:58',NULL,1),(166,'172','90','KODI 1',NULL,'80 GM','2000','24','2021-05-24',NULL,'1','2023-02-06 16:40:29',NULL,1),(167,'173','90','NECKLAS 1',NULL,'16 GM','60000','24','2021-09-05',NULL,'1','2023-02-06 16:41:10',NULL,1),(168,'175','91','KAMMAL 1 JODI',NULL,'1.9 GM','2500','24','2022-11-13',NULL,'1','2023-02-06 16:42:36',NULL,1),(169,'178','16','RING 1',NULL,'2.3 GM','5500','24','2020-12-15',NULL,'1','2023-02-06 16:44:04',NULL,1),(170,'179','92','THIRUMANGALYAM -3.3 GM, KODI 87 GM',NULL,'ITEM DETAIL','15000','24','2022-08-08',NULL,NULL,'2023-02-06 16:46:17','2023-02-08',1),(171,'181','93','MATTAL 1 SINGLE',NULL,'950 ML','2500','24','2021-02-04',NULL,'1','2023-02-06 16:48:23',NULL,1),(172,'181','93','KAMMAL 1 JODI',NULL,'3 GM','10000','24','2022-10-06',NULL,'1','2023-02-06 16:49:24',NULL,1),(173,'182','93','RING 1',NULL,'2 GM','7000','24','2021-01-11',NULL,'1','2023-02-06 16:50:13',NULL,1),(174,'183','93','RING 1',NULL,'1.1 GM','3500','24','2021-11-13',NULL,'1','2023-02-06 16:51:04',NULL,1),(175,'184','94','KAMMAL JIMIKI 1 JODI','RASUL MULAM','2.1 GM','6000','24','2022-04-13',NULL,'1','2023-02-06 16:52:54',NULL,1),(176,'184','94','KOLUSU 1 JODI, KODI 1','RASUL MULAM','280 GM','6000','24','2022-03-11',NULL,'1','2023-02-06 16:54:03',NULL,1),(177,'185','94','KOLUSU 1 JODI','CHELLADURAI KAGA','100 GM','1650','24','2021-10-01',NULL,'1','2023-02-06 16:54:57',NULL,1),(178,'185','94','VALAYAM 1 JODI','RASUL MULAM','3 GM','10000','24','2020-11-20',NULL,'1','2023-02-06 16:55:44',NULL,1),(179,'187','95','KAMMAL THONGATTAN 1 JODI',NULL,NULL,'6500','24','2020-01-31',NULL,'1','2023-02-06 16:57:07',NULL,1),(180,'193','96','RING 1',NULL,'750ML','2000','24','2021-08-19',NULL,'1','2023-02-06 16:59:47',NULL,1),(181,'194','97','RING 1, KAMMAL 1 JODI, THIRUMANGALYA DOLLAR 1,PAVALAKAL RING 1 - 9 GM',NULL,'8 GM','25000','24','2022-05-31',NULL,'1','2023-02-06 17:02:23',NULL,1),(182,'194','97','RING 1',NULL,'1.4 GM','4000','24','2022-08-05',NULL,'1','2023-02-06 17:03:04',NULL,1),(183,'195','97','KAMMAL 1 JODI','JEYALAKSHMI MULAM','2.5 GM','7500','24','2022-06-28',NULL,'1','2023-02-06 17:04:18',NULL,1),(184,'195','97','RING 1',NULL,'2 GM','7000','24','2022-08-21',NULL,'1','2023-02-06 17:05:01',NULL,1),(185,'197','98','MATTAL 1 JODI',NULL,'2 GM','3000','24','2022-12-19',NULL,'1','2023-02-06 17:06:32',NULL,1),(186,'198','94','RING 2',NULL,'3.9 GM','10000','24','2021-01-01',NULL,'1','2023-02-06 17:07:23',NULL,1),(187,'202','99','KOLUSU 1 JODI',NULL,'155 GM','3500','24','2021-08-24',NULL,'1','2023-02-06 17:08:41',NULL,1),(188,'202','99','VALAYAM 1 JODI,KAMMAL KUCHI 1 JODI','AMMAN 762','2.3 GM','9000','24','2022-02-23',NULL,'1','2023-02-06 17:09:48',NULL,1),(189,'203','67','GOLD COIN 22 C+',NULL,'8 GM','25000','24','2021-04-15',NULL,'1','2023-02-06 17:11:33',NULL,1),(190,'204','100','KAMMAL 1 JODI-1.4 GM, KOLUSU 3-65 GM',NULL,NULL,'5000','24','2020-06-13',NULL,'1','2023-02-06 17:13:42',NULL,1),(191,'205','100','KAMMAL 1 JODI',NULL,'2 GM','6500','24','2020-11-05',NULL,'1','2023-02-06 17:14:24',NULL,1),(192,'207','101','KAL KAMMAL 1 JODI - 3.9 GM',NULL,'2.5 GM','10000','24','2023-01-30',NULL,'1','2023-02-06 17:36:02',NULL,1),(193,'209','102','JIMIKI 1 JODI',NULL,'2.8 GM','9000','24','2020-11-30',NULL,'1','2023-02-06 17:38:43',NULL,1),(194,'211','103','CHAIN 1',NULL,'4 GM','10000','24','2022-08-24',NULL,NULL,'2023-02-06 17:40:47','2023-02-08',1),(195,'211','103','RING 1',NULL,'1.4 GM','5000','24','2022-12-09',NULL,'1','2023-02-06 17:41:17',NULL,1),(196,'212','104','KAMMAL 1 JODI',NULL,'1 GM','3500','24','2021-01-20',NULL,'1','2023-02-06 17:42:42',NULL,1),(197,'212','104','KAMMAL JIMIKI',NULL,'4.3 GM','15000','24','2022-12-12',NULL,'1','2023-02-06 17:43:31',NULL,1),(199,'216','106','NECKLAS 1 (916)',NULL,'16.8 GM','60000','24','2020-12-19',NULL,'1','2023-02-06 17:47:48',NULL,1),(200,'217','106','NECKLAS 1',NULL,'24.5 GM','85000','24','2021-09-07',NULL,'1','2023-02-06 17:48:40',NULL,1),(201,'217','106','RING 1',NULL,'3.8 GM','15000','24','2021-02-15',NULL,'1','2023-02-06 17:49:17',NULL,1),(202,'218','106','KAL KAMMAL 1 JODI, NELIVU RING 1 TOTAL 14.25 GM',NULL,'11 GM','37000','24','2021-07-28',NULL,'1','2023-02-06 17:50:40',NULL,1),(203,'218','106','MUTHUMANI MALAI 1 , 30 GM',NULL,'22 GM','70000','24','2021-09-08',NULL,'1','2023-02-06 17:51:33',NULL,1),(204,'219','106','KAMMAL 1 JODI, RING 1',NULL,'3.5 GM','12500','24','2021-08-12',NULL,'1','2023-02-06 17:52:38',NULL,1),(205,'220','106','KAMMAL AND MATTAL 1 JODI, RING 2',NULL,'15 GM','50000','24','2021-09-15',NULL,'1','2023-02-06 17:53:53',NULL,1),(206,'220','106','KAI CHAIN 1,JIMIKI 1 JODI, KAL NELIVU RING  1,  TOTAL 8.2 GM',NULL,'7.7 GM','27000','24','2021-08-18',NULL,'1','2023-02-06 17:55:42',NULL,1),(207,'221','107','RING 1, DOLLAR 1',NULL,'6.4 GM','20000','24','2021-09-11',NULL,'1','2023-02-06 17:57:09',NULL,1),(208,'221','107','KAMMAL 1 JODI',NULL,'1.8 GM','6000','24','2022-04-22',NULL,'1','2023-02-06 17:57:49',NULL,1),(209,'223','108','RING 1',NULL,'2 GM','5000','24','2021-10-10',NULL,'1','2023-02-06 18:34:22',NULL,1),(210,'223','108','KOLUSU 1 JODI',NULL,'55 GM','1000','24','2022-09-08',NULL,'1','2023-02-06 18:35:00',NULL,1),(211,'224','108','CHAIN 1',NULL,'5.9 GM','18000','24','2021-10-21',NULL,'1','2023-02-06 18:35:44',NULL,1),(212,'224','108','KAMMAL 1 JODI',NULL,'2.2 GM','6500','24','2021-10-31',NULL,'1','2023-02-06 18:36:20',NULL,1),(213,'225','109','KODI 1',NULL,'89 GM','2000','24','2020-04-16',NULL,'1','2023-02-06 18:37:28',NULL,1),(214,'226','110','RING 2',NULL,'4.2 GM','14500','24','2022-08-17',NULL,'1','2023-02-06 18:38:50',NULL,1),(215,'226','110','KAMMAL JIMIKI 1 JODI',NULL,'5.4 GM','20000','24','2023-02-05',NULL,'1','2023-02-06 18:39:43',NULL,1),(216,'228','110','KAMMAL 1 JODI',NULL,'3 GM','10500','24','2022-08-18',NULL,NULL,'2023-02-06 18:40:42','2023-02-08',1),(217,'229','111','KODI 1',NULL,'100 GM','2500','24','2023-01-17',NULL,'1','2023-02-06 18:41:54',NULL,1),(218,'230','111','RING 1',NULL,'1 GM','3500','24','2022-11-08',NULL,'1','2023-02-06 18:43:14',NULL,1),(219,'231','111','MATTAL 1 JODI',NULL,'1.9 GM','6000','24','2022-10-19',NULL,'1','2023-02-06 18:43:54',NULL,1),(220,'232','112','RING 2',NULL,'2.1 GM','5000','24','2021-11-13',NULL,'1','2023-02-06 18:45:19',NULL,1),(222,'233','112','KAMMAL 1 JODI',NULL,'1.8 GM','5000','24','2021-11-18',NULL,'1','2023-02-06 18:46:05',NULL,1),(223,'234','113','236 PAKKAM','MAMA VU KAGA','1.9 GM','6000','24','2021-05-14',NULL,'1','2023-02-06 18:48:55',NULL,1),(224,'234','113','KAMMAL JIMIKI 1 JODI, JIMIKI 1 JODI',NULL,'5.4 GM','16500','24','2021-05-19',NULL,'1','2023-02-06 18:50:09',NULL,1),(225,'236','114','KAL KAMMAL 1 JODI- 2.6 GM',NULL,'2 GM','2000','24','2023-01-29',NULL,'1','2023-02-06 18:51:40',NULL,1),(226,'237','115','RING 1',NULL,'2.6 GM','6000','24','2020-08-21',NULL,'1','2023-02-06 18:53:29',NULL,1),(227,'244','116','KOLUSU 1 JODI','ARUMUGAM AKKA','90 GM','2000','24','2023-01-19',NULL,'1','2023-02-06 18:55:59',NULL,1),(228,'245','117','RING 1',NULL,'3.8 GM','10000','24','2020-06-11',NULL,'1','2023-02-06 18:57:01',NULL,1),(229,'245','117','RING 1',NULL,'6.1 GM','23000','24','2023-02-04',NULL,'1','2023-02-06 18:57:34',NULL,1),(230,'246','85','THAALI POTTU 3 PIECE',NULL,'4 GM','10000','24','2021-04-02',NULL,'1','2023-02-06 18:58:51',NULL,1),(231,'246','85','THIRUMANGALYA DOLLAR 1',NULL,'3 GM','9000','24','2021-04-07',NULL,'1','2023-02-06 18:59:36',NULL,1),(232,'247','118','COIN 4','916','6 GM','15000','24','2022-11-04',NULL,'1','2023-02-06 19:00:57',NULL,1),(233,'247','118','KAMMAL 1 JODI',NULL,'2.9 GM','8000','24','2023-01-28',NULL,'1','2023-02-06 19:01:46',NULL,1),(235,'248','118','RING 1',NULL,'1.5 GM','5000','24','2023-01-17',NULL,'1','2023-02-06 19:03:15',NULL,1),(236,'249','119','KAMMAL THONGATTAN 1 JODI',NULL,'2.2 GM','7000','24','2022-01-28',NULL,'1','2023-02-06 19:05:20',NULL,1),(237,'250','119','ILAI KAMMAL 1 JODI - 4 GM',NULL,'3 GM','10000','24','2022-02-18',NULL,'1','2023-02-06 19:06:37',NULL,1),(238,'251','119','THONGATTAN 1 JODI',NULL,'3.6 GM','10000','24','2022-03-19',NULL,'1','2023-02-06 19:07:16',NULL,1),(239,'249','118','KODI 1',NULL,'111 GM','2000','24','2023-02-01',NULL,'1','2023-02-06 19:08:41','2023-02-11',1),(240,'252','120','CHAIN 1, KAMMAL 1 JODI','SIVA VU KAGA','10.4 GM','30000','24','2021-05-07',NULL,'1','2023-02-06 19:10:46',NULL,1),(241,'252','120','RING 1','SIVA VU KAGA','4 GM','13000','24','2022-04-01',NULL,'1','2023-02-06 19:11:34',NULL,1),(242,'253','120','OM DOLLAR CHAIN 1','SIVA VU KAGA','7.9 GM','25000','24','2021-05-09',NULL,'1','2023-02-06 19:12:24',NULL,1),(243,'254','121','NECKLAS 1',NULL,'13.4 GM','45000','24','2022-06-16',NULL,'1','2023-02-06 19:13:38',NULL,1),(244,'255','121','DOLLAR 1 - 4 GM',NULL,'3 GM','10000','24','2022-01-31',NULL,'1','2023-02-06 19:19:25',NULL,1),(245,'255','121','THIRUMANGALYA DOLLAR 1',NULL,'1.9 GM','6000','24','2022-07-23',NULL,'1','2023-02-06 19:20:10',NULL,1),(246,'256','122','KOLUSU 1 JODI',NULL,'200 GM','4000','24','2020-02-14',NULL,'1','2023-02-06 19:21:14',NULL,1),(247,'256','122','TITANIC 1 JODI - 3.1 GM',NULL,'1.7 GM','7000','24','2023-01-13',NULL,'1','2023-02-06 19:22:12',NULL,1),(248,'257','122','KODI 1',NULL,'180 GM','4000','24','2022-11-12',NULL,'1','2023-02-06 19:23:12',NULL,1),(249,'259','123','RING 1',NULL,'1 GM','3000','24','2022-03-08',NULL,'1','2023-02-06 19:50:40',NULL,1),(250,'259','123','KAMMAL KUCHI 1 JODI',NULL,'900 ML','3000','24','2022-05-02',NULL,'1','2023-02-06 19:51:17',NULL,1),(252,'265','125','KAI CHAIN 1',NULL,'8 GM','25000','24','2021-06-09',NULL,'1','2023-02-06 19:54:08',NULL,1),(253,'265','125','RING 1',NULL,'4 GM','13000','24','2021-02-19',NULL,'1','2023-02-06 19:54:39',NULL,1),(254,'266','125','RING 1 AV',NULL,'4 GM','12000','24','2021-06-15',NULL,'1','2023-02-06 19:55:23',NULL,1),(255,'267','125','RC BOOK',NULL,NULL,'30000','24','2021-02-07',NULL,'1','2023-02-06 19:56:03',NULL,1),(256,'268','126','RING 1',NULL,'8.5 GM','20000','24','2020-10-28',NULL,'1','2023-02-06 19:57:52',NULL,1),(257,'270','127','RING 1',NULL,'500 ML','1000','24','2018-03-25',NULL,'1','2023-02-06 19:59:46',NULL,1),(258,'276','128','ILAI KAMMAL 1 JODI',NULL,'2.65 GM','7000','24','2022-07-26',NULL,'1','2023-02-06 20:01:26',NULL,1),(259,'277','128','OM DOLLAR CHAIN 1',NULL,'7.9 GM','28000','24','2022-10-27',NULL,NULL,'2023-02-06 20:02:13','2023-02-08',1),(260,'277','128','VALAYAM 1 JODI','VINAYAGAM KU','4.30 GM','15000','24','2022-12-15',NULL,'1','2023-02-06 20:03:14',NULL,1),(261,'278','128','RING 2, KAI CHAIN 1',NULL,'5 GM','16000','24','2020-10-22',NULL,'1','2023-02-06 20:04:17',NULL,1),(262,'280','129','KAMMAL 1 JODI',NULL,'2 GM','5000','24','2022-01-03',NULL,'1','2023-02-06 20:06:01',NULL,1),(263,'280','129','MATTAL 1 JODI',NULL,'3 GM','10000','24','2022-04-05',NULL,'1','2023-02-06 20:06:36',NULL,1),(264,'281','130','RING 1,KAI CHAIN 1,KAMMAL THONGATTAN MATTAL 1 JODI',NULL,NULL,'50000','24','2020-11-01',NULL,'1','2023-02-06 20:08:26',NULL,1),(265,'282','130','CHAIN WITH DOLLAR 1',NULL,'42 GM','150000','24','2021-07-31',NULL,'1','2023-02-06 20:09:24',NULL,1),(266,'283','131','RING 1',NULL,'1.6 GM','5000','24','2022-08-09',NULL,'1','2023-02-06 20:10:25',NULL,1),(267,'286','132','DAMAGED RING 1',NULL,'0.7 ML','300','24','2022-11-26',NULL,'1','2023-02-06 20:12:05',NULL,1),(268,'288','133','KAMMAL 1 JODI',NULL,'2 GM','7000','24','2022-06-12',NULL,'1','2023-02-06 20:13:14',NULL,1),(269,'288','133','JIMIKI 1 JODI',NULL,'3.7 GM','6000','24','2023-02-05',NULL,'1','2023-02-06 20:13:58',NULL,1),(270,'289','133','MATTAL 1 JODI',NULL,'1.75 GM','5000','24','2022-01-24',NULL,'1','2023-02-06 20:14:36',NULL,1),(271,'289','133','TITANIC 1 JODI, RING 1',NULL,'3.6 GM','10000','24','2022-03-25',NULL,'1','2023-02-06 20:15:32',NULL,1),(272,'290','133','JIMIKI 1 JODI',NULL,'2.3 GM','7500','24','2021-07-04',NULL,'1','2023-02-06 20:16:10',NULL,1),(273,'290','133','RING 2,KAMMAL 1 JODI',NULL,NULL,'25000','24','2022-04-14',NULL,'1','2023-02-06 20:16:53',NULL,1),(274,'291','133','RING 2, POOKKUDAI 1 JODI',NULL,'10 GM','32000','24','2021-07-29',NULL,'1','2023-02-06 20:17:44',NULL,1),(275,'291','133','KAMMAL JIMIKI 1 JODI',NULL,'4 GM','13000','24','2022-04-17',NULL,'1','2023-02-06 20:18:19',NULL,1),(276,'292','133','RING 2, KAMMAL 1 JODI',NULL,'8 GM','25000','24','2021-08-13',NULL,'1','2023-02-06 20:19:14',NULL,1),(277,'292','133','KOLUSU 1 JODI','473 PAGE','180 GM','5000','24','2022-10-07',NULL,'1','2023-02-06 20:20:08',NULL,1),(278,'293','134','KAI CHAIN 1, ARUNTHA CHAIN 1, KAL KAMMAL 1 JODI - TOTAL 28 GM',NULL,'26 GM','80000','24','2021-09-12',NULL,'1','2023-02-06 20:22:03',NULL,1),(279,'295','134','KAMMAL 1 JODI',NULL,'1.7 GM','5500','24','2022-02-27',NULL,'1','2023-02-06 20:22:49',NULL,1),(280,'296','135','KAMMAL 1 JODI',NULL,'3.9 GM','14000','24','2023-01-04',NULL,'1','2023-02-06 20:24:15',NULL,1),(281,'297','135','MATTAL 1 JODI',NULL,'2 GM','6500','24','2022-01-11',NULL,'1','2023-02-06 20:24:57',NULL,1),(282,'298','136','KAMMAL 1 JODI',NULL,'2.1 GM','7000','24','2022-11-03',NULL,'1','2023-02-06 20:27:38',NULL,1),(283,'299','137','RING 1','AMMAN 716','3.95 GM','13000','24','2020-12-31',NULL,'1','2023-02-06 20:30:02',NULL,1),(284,'300','137','VALAYAM 1 JODI, KAMMAL KUCHI 1 JODI','AMMAN 723','5.7 GM','15000','24','2021-03-07',NULL,'1','2023-02-06 20:31:05',NULL,1),(285,'302','138','RING 1','SUNDAR MULAM','2 GM','4000','24','2019-10-14',NULL,'1','2023-02-06 20:32:29',NULL,1),(286,'303','139','MATTAL 1 JODI',NULL,'2 GM','7000','24','2022-12-09',NULL,'1','2023-02-06 20:33:39',NULL,1),(287,'307','140','KAMMAL 1 JODI',NULL,'1.95 GM','6500','24','2020-12-15',NULL,'1','2023-02-06 20:35:38',NULL,1),(288,'308','141','KAL KAMMAL  JIMIKII 1 JODI,KAL RING 1 - TOTAL 7.6 GM',NULL,'6.5 GM','23000','24','2021-11-18',NULL,'1','2023-02-06 20:38:06',NULL,1),(289,'308','141','KAL RING 1 - 2 GM','404 PAGE','1.5 GM','4500','24','2021-12-01',NULL,'1','2023-02-06 20:39:08',NULL,1),(290,'309','141','UDAINTHA VALAYAL 1 JODI',NULL,'8.8 GM','30000','24','2020-10-26',NULL,'1','2023-02-06 20:39:53',NULL,1),(291,'310','141','JIMIKI 1 JODI, KAI CHAIN 1, SANGU KAL RING 1- - TOTAL 7.5 GM','MURUGARAJ MULAM','6.5 GM','20000','24','2021-05-18',NULL,NULL,'2023-02-06 20:42:09','2023-02-06',1),(292,'310','141','KAMMAL 1 JODI',NULL,'4.2 GM','13000','24','2021-12-26',NULL,'1','2023-02-06 20:43:13',NULL,1),(293,'311','141','MATTAL 1 JODI, RING 1',NULL,'3.1 GM','10000','24','2021-08-31',NULL,'1','2023-02-06 20:44:31',NULL,1),(294,'311','141','KAMMAL THONGATTAN 1 JODI',NULL,'3 GM','10000','24','2022-03-10',NULL,'1','2023-02-06 20:45:19',NULL,1),(295,'312','141','OM DOLLAR CHAIN 1',NULL,'11.3 GM','38300','24','2021-09-21',NULL,'1','2023-02-06 20:46:18',NULL,1),(296,'312','141','KAMMAL 1 JODI-2.2 GM, KOLUSU 2 JODI 65 GM',NULL,NULL,'10000','24','2022-03-27',NULL,'1','2023-02-06 20:47:38',NULL,1),(297,'313','142','KAMMAL 1 JODI',NULL,'2.2 GM','7000','24','2020-10-16',NULL,'1','2023-02-07 09:54:36',NULL,1),(298,'316','143','MATTAL 1 JODI',NULL,'1.9 GM','6000','24','2022-03-14',NULL,'1','2023-02-07 09:55:54',NULL,1),(299,'316','143','KAI CHAIN 1',NULL,'3.9 GM','12000','24','2022-05-11',NULL,'1','2023-02-07 09:56:31',NULL,1),(300,'317','143','KAMMAL 1 JODI',NULL,'3.9 GM','12000','24','2022-03-14',NULL,'1','2023-02-07 09:57:08',NULL,1),(301,'317','143','RING 1',NULL,'4.6 GM','15000','24','2022-10-15',NULL,'1','2023-02-07 09:57:43',NULL,1),(302,'318','144','KAL KAMMAL 1 JODI - 5.2 GM',NULL,'4 GM','10000','24','2022-06-13',NULL,'1','2023-02-07 10:16:15',NULL,1),(303,'320','145','KAMMAL 1 JODI',NULL,'2 GM','6000','24','2022-06-10',NULL,'1','2023-02-07 10:17:52',NULL,1),(304,'321','146','CHAIN WITH V DOLLAR 1','RAVI KAGA','8.3 GM','0','24','2023-02-25',NULL,'2','2023-02-07 10:19:13','2023-02-25',1),(305,'321','146','JIMIKI 1 JODI','SHANTHI KAGA','4.1 GM','10000','24','2021-02-09',NULL,'1','2023-02-07 10:19:51',NULL,1),(306,'322','146','RING 1','RAVI KAGA','2 GM','6500','24','2020-11-25',NULL,NULL,'2023-02-07 10:20:42','2023-02-07',1),(307,'322','146','KAL KAMMAL 1 JODI - 7 GM',NULL,'5 GM','10000','24','2021-07-07',NULL,'1','2023-02-07 10:21:53',NULL,1),(308,'323','146','KAMMAL 1 JODI','RAVI KAGA','3 GM','7000','24','2021-04-21',NULL,'1','2023-02-07 10:22:42',NULL,1),(309,'324','146','MATTAL 1 JODI',NULL,'2 GM','5000','24','2021-04-29',NULL,'1','2023-02-07 10:23:32',NULL,1),(310,'328','147','JIMIKI 1 JODI',NULL,'3.1 GM','10000','24','2021-02-10',NULL,'1','2023-02-07 10:26:42',NULL,1),(311,'329','148','MATTAL 1 JODI',NULL,'2.9 GM','10000','24','2021-11-25',NULL,'1','2023-02-07 10:28:26',NULL,1),(312,'330','148','RING  1=  1 GM, KOLUSU 132 GM',NULL,NULL,'6000','24','2022-07-20',NULL,'1','2023-02-07 10:33:18',NULL,1),(313,'331','148','KAMMAL 1 JODI',NULL,'3.8 GM','14000','24','2022-06-25',NULL,'1','2023-02-07 10:34:22',NULL,1),(315,'333','149','RING 1, JIMIKI 1 JODI',NULL,'5.4 GM','12000','24','2019-09-09',NULL,'1','2023-02-07 10:36:14',NULL,1),(316,'333','149','KOLUSU 2 JODI',NULL,'250 GM','5000','24','2020-09-15',NULL,'1','2023-02-07 10:36:50',NULL,1),(317,'334','149','KAMMAL 1 JODI',NULL,'3 GM','7500','24','2020-03-09',NULL,'1','2023-02-07 10:37:26',NULL,1),(318,'334','149','KAMMAL 1 JODI',NULL,'2 GM','7000','24','2023-01-10',NULL,'1','2023-02-07 10:38:05',NULL,1),(319,'335','149','KAL RING 1 = 5.8 GM',NULL,'4.8 GM','17000','24','2022-10-10',NULL,NULL,'2023-02-07 10:38:51','2023-02-08',1),(320,'336','149','RING 1',NULL,'2.4 GM','5000','24','2019-09-20',NULL,'1','2023-02-07 10:39:35',NULL,1),(321,'337','150','KAL KAMMAL 1 JODI = 1.9 GM',NULL,'1.4 GM','5000','24','2022-01-07',NULL,'1','2023-02-07 10:40:54',NULL,1),(322,'337','150','RING 1',NULL,'800 ML','3500','24','2023-01-25',NULL,'1','2023-02-07 10:41:25',NULL,1),(323,'338','151','RING 1','KASIPALAM KAGA','2.5 GM','5000','24','2022-05-01',NULL,'1','2023-02-07 10:42:42',NULL,1),(324,'339','152','ARASALAI 1',NULL,'1.7 GM','5000','24','2020-08-12',NULL,'1','2023-02-07 10:44:00',NULL,1),(325,'340','45','KOLUSU 1 JODI, KODI 1',NULL,'90 GM','2500','24','2021-03-13',NULL,'1','2023-02-07 10:45:55',NULL,1),(326,'340','45','KOLUSU 1 JODI',NULL,'120 GM','3000','24','2021-09-12',NULL,'1','2023-02-07 10:46:32',NULL,1),(327,'341','45','KAMMAL 1 JODI',NULL,'4.2 GM','13000','24','2020-12-16',NULL,'1','2023-02-07 10:47:12',NULL,1),(328,'341','45','KAMMAL 1 JODI',NULL,'2 GM','6500','24','2022-12-14',NULL,'1','2023-02-07 10:47:46',NULL,1),(329,'346','153','MURUKU CHAIN 1 (80+OUCN)',NULL,'20 GM','50000','24','2021-08-12',NULL,'1','2023-02-07 10:50:06',NULL,1),(330,'347','154','KAMMAL MATTAL 1 JODI','AMMAN 765','4.1 GM','12500','24','2022-04-05',NULL,'1','2023-02-07 10:51:56',NULL,1),(331,'348','155','KAMMAL 1 JODI',NULL,'4 GM','14000','24','2022-07-10',NULL,'1','2023-02-07 10:53:08',NULL,1),(332,'349','155','RING 1, KAMMAL 1 JODI JIMIKI',NULL,'4.2 GM','12000','24','2020-09-06',NULL,'1','2023-02-07 10:54:00',NULL,1),(333,'350','156','NO THING','364 PAGE',NULL,'8000','24','2021-03-17',NULL,'1','2023-02-07 10:55:45',NULL,1),(334,'351','156','RING',NULL,'3.9 GM','12000','24','2022-01-24',NULL,'1','2023-02-07 10:56:27',NULL,1),(335,'351','156','RING 2',NULL,'1.9 GM','7000','24','2021-01-01',NULL,'1','2023-02-07 10:57:04',NULL,1),(336,'352','156','UDAINTHA RING 1',NULL,'2.6 GM','6500','24','2019-11-21',NULL,'1','2023-02-07 10:57:42',NULL,1),(337,'352','156','KAL KAMMAL 1 JODI = 2.3 GM',NULL,'1.5 GM','5000','24','2020-06-20',NULL,'1','2023-02-07 10:58:30',NULL,1),(338,'353','156','KODI 1','RAMESH MULAM','52 GM','1000','24','2021-10-12',NULL,'1','2023-02-07 10:59:07',NULL,1),(339,'353','156','KAMMAL THONGATTAN 1 JODI',NULL,'4 GM','13000','24','2020-12-03',NULL,'1','2023-02-07 10:59:45',NULL,1),(340,'355','157','KAL KAMMAL 1 JODI = 4 GM','GANESAN KAGA','3 GM','7000','24','2021-12-25',NULL,'1','2023-02-07 11:40:37',NULL,1),(341,'355','157','KAMMAL 1 JODI','GANESAN KAGA','1.4 GM','4500','24','2022-08-25',NULL,'1','2023-02-07 11:45:23',NULL,1),(342,'356','157','RING 1, KAMMAL 1 JODI','GANESAN KAGA','1.65 DM','5000','24','2021-08-05',NULL,'1','2023-02-07 11:46:19',NULL,1),(343,'357','157','RING 1',NULL,'2.1 GM','6000','24','2021-05-03',NULL,'1','2023-02-07 11:47:18',NULL,1),(344,'360','158','RING 1',NULL,'3.8 GM','10000','24','2022-04-01',NULL,'1','2023-02-07 11:48:36',NULL,1),(346,'362','17','KOLUSU 2 JODI','GNANASEKAR KAGA','200 GM','5000','24','2022-01-04',NULL,'1','2023-02-07 11:51:17',NULL,1),(347,'363','159','RING 1',NULL,'3.5 GM','12000','24','2022-04-21',NULL,'1','2023-02-07 11:54:11',NULL,1),(348,'368','156','KAMMAL 1 JODI',NULL,'4.7 GM','15000','24','2021-02-06',NULL,'1','2023-02-07 11:55:45',NULL,1),(349,'369','160','CHAIN 1',NULL,'8.3 GM','15000','24','2022-07-16',NULL,'1','2023-02-07 11:56:42',NULL,1),(350,'370','161','RING 2','SUNDAR MULAM','7.7 GM','25000','24','2022-05-14',NULL,'1','2023-02-07 11:57:56',NULL,1),(351,'370','161','RING 1',NULL,'2 GM','6000','24','2022-11-21',NULL,'1','2023-02-07 11:58:27',NULL,1),(353,'372','53','OM DOLLAR CHAIN 1',NULL,'4.5 GM','16000','24','2022-09-06',NULL,'1','2023-02-07 12:00:31',NULL,1),(354,'373','53','KOLUSU 1 JODI',NULL,'75 GM','1500','24','2021-06-07',NULL,'1','2023-02-07 12:01:17',NULL,1),(355,'373','53','KOLUSU 1 JODI',NULL,'80 GM','2000','24','2022-12-19',NULL,'1','2023-02-07 12:01:54',NULL,1),(357,'376','163','RING 1, KAMMAL1 JODI','AMMAN 779','4 GM','13000','24','2022-08-20',NULL,'1','2023-02-07 12:06:21',NULL,1),(358,'378','164','KOLUSU 2 JODI',NULL,'92 GM','2000','24','2022-06-29',NULL,'1','2023-02-07 12:07:54',NULL,1),(359,'378','164','KOLUSU 1 JODI',NULL,'96 GM','2500','24','2022-08-01',NULL,'1','2023-02-07 12:08:30',NULL,1),(360,'379','106','MALAI 1',NULL,'40 GM','130000','24','2021-09-20',NULL,'1','2023-02-07 12:09:39',NULL,1),(361,'380','28','RING 1','AMALRAJ KAGA','3 GM','11000','24','2023-01-29',NULL,'1','2023-02-07 12:10:42',NULL,1),(362,'381','28','KAMMAL 1 JODI','AMALRAJ KAGA','1.87 GM','6000','24','2021-11-13',NULL,'1','2023-02-07 12:11:29',NULL,1),(363,'382','165','DOLLAR 1, THUNDU 1 = 4 GM',NULL,'3.7 GM','11000','24','2022-02-26',NULL,'1','2023-02-07 12:13:12',NULL,1),(365,'384','166','RING 1, MATTAL 1, COIN 1',NULL,'2 GM','6000','24','2021-11-30',NULL,'1','2023-02-07 12:15:51',NULL,1),(366,'384','166','KAMMAL JIMIKI',NULL,'6 GM','15000','24','2021-12-29',NULL,'1','2023-02-07 12:16:35',NULL,1),(367,'385','166','COIN 2',NULL,'3.9 GM','12000','24','2021-11-02',NULL,'1','2023-02-07 12:17:19',NULL,1),(368,'385','166','CHAIN 1',NULL,'16 GM','45000','24','2022-02-22',NULL,'1','2023-02-07 12:17:50',NULL,1),(369,'386','166','KAMMAL JIMIKI 1 JODI',NULL,'2.8 GM','9000','24','2022-01-13',NULL,'1','2023-02-07 12:19:14',NULL,1),(370,'387','166','HEART DOLLAR 1',NULL,'1.4 GM','4000','24','2022-06-09',NULL,'1','2023-02-07 12:20:09',NULL,1),(371,'390','167','KAMMAL THONGATTAN 1 JODI',NULL,'2.7 GM','9000','24','2021-10-21',NULL,'1','2023-02-07 12:26:52',NULL,1),(372,'391','167','KAMMAL 1, ARUNTHA THONGATTAN 1',NULL,'1.4 GM','5000','24','2022-12-16',NULL,'1','2023-02-07 12:27:47',NULL,1),(373,'395','147','KAL KAMMAL 1 JODI = 2 GM',NULL,'1.6 GM','5500','24','2021-10-21',NULL,'1','2023-02-07 12:29:18',NULL,1),(374,'395','147','KOLUSUS 2, KODI 2, METTI',NULL,'230 GM','5000','24','2022-06-02',NULL,'1','2023-02-07 12:30:21',NULL,1),(375,'396','168','KAMMAL 1 JODI (1 SURAI ILLAI)',NULL,'1.3 GM','4500','24','2022-10-10',NULL,'1','2023-02-07 12:32:08',NULL,1),(376,'397','168','ARASALAI 1, RING 3',NULL,'6.9 GM','22000','24','2022-03-10',NULL,'1','2023-02-07 12:32:59',NULL,1),(377,'398','169','JIMIKI 1 JODI',NULL,'3.9 GM','10100','24','2021-11-06',NULL,'1','2023-02-07 12:34:26',NULL,1),(378,'398','169','KAMMAL JIMIKI 1 JODI',NULL,'2.8 GM','9000','24','2022-06-21',NULL,'1','2023-02-07 12:35:03',NULL,1),(379,'399','169','KAMMAL MATTAL 1 JODI',NULL,'4 GM','10000','24','2022-03-25',NULL,'1','2023-02-07 12:35:38',NULL,1),(380,'399','169','KODI 1, KOLUSU 2 JODI','443 PAGE','225 GM','5000','24','2022-03-15',NULL,'1','2023-02-07 12:36:31',NULL,1),(381,'400','169','KOLUSU 2 JODI = 130 GM, MUKUTHI  1= 1.2 GM','442 PAGE',NULL,'9000','24','2022-01-02',NULL,'1','2023-02-07 12:37:58',NULL,1),(382,'400','169','KOLUSU 1 JODI','441 PAGE','190 GM','5000','24','2022-10-27',NULL,'1','2023-02-07 12:38:44',NULL,1),(383,'401','170','RING 1',NULL,'1 GM','3500','24','2022-03-07',NULL,'1','2023-02-07 12:40:22',NULL,1),(384,'401','170','KAMMAL THONGATTAN 1 JODI, RING 1',NULL,'4.7 GM','18000','24','2023-01-23',NULL,'1','2023-02-07 12:41:20',NULL,1),(385,'402','170','KAMMAL 1 JODI',NULL,'3 GM','10000','24','2022-01-22',NULL,'1','2023-02-07 12:42:07',NULL,1),(386,'403','170','KAMMAL THONGATTAN 1 JODI',NULL,'2.3 GM','7000','24','2023-01-04',NULL,'1','2023-02-07 12:43:15',NULL,1),(387,'403','170','KAMMAL THONGATTAN 1 JODI',NULL,'2.3 GM','7000','24','2023-01-04',NULL,'1','2023-02-07 12:43:15',NULL,1),(388,'403.','170','KODI  1, KOLUSU 1 JODI',NULL,'130 GM','3000','24','2023-01-23',NULL,'1','2023-02-07 12:44:06',NULL,1),(389,'404','156','RING 1',NULL,'3 GM','10000','24','2021-11-01',NULL,'1','2023-02-07 12:45:21',NULL,1),(390,'405','171','RING 1','424 PAGE','4 GM','14000','24','2022-10-20',NULL,'1','2023-02-07 12:46:36',NULL,1),(391,'407','172','KAMMAL 1 JODI',NULL,'2 GM','6000','24','2022-09-16',NULL,'1','2023-02-07 12:49:03',NULL,1),(392,'407','172','RING 1','JOSEPH MULAM','2.5 GM','7000','24','2022-12-30',NULL,'1','2023-02-07 12:50:00',NULL,1),(394,'409','173','KAMMAL 1 JODI (THIRUGANI ILLAI )','PAGE 431','2.4 GM','6000','24','2022-09-10',NULL,'1','2023-02-07 12:54:24',NULL,1),(396,'410','28','KAMMAL JIMIKI 1 JODI','AMALRAJ KAGA','5.7 GM','16150','24','2022-04-27',NULL,'1','2023-02-07 12:55:35',NULL,1),(397,'410','28','KOLUSU 1 JODI',NULL,'100 GM','2000','24','2022-07-28',NULL,'1','2023-02-07 12:56:21',NULL,1),(398,'411','28','KODI 1',NULL,'122 GM','3000','24','2021-03-18',NULL,'1','2023-02-07 12:56:56',NULL,1),(399,'413','174','RING 1',NULL,'900 ML','3000','24','2022-11-17',NULL,'1','2023-02-07 12:59:56',NULL,1),(400,'413','174','CHAIN 1',NULL,'10 GM','32000','24','2023-02-02',NULL,'1','2023-02-07 13:00:39',NULL,1),(401,'414','174','RING 2',NULL,'4.5 GM','16000','24','2023-02-01',NULL,'1','2023-02-07 13:01:13',NULL,1),(402,'416','175','MATTAL 1 JODI',NULL,'2 GM','7000','24','2022-12-31',NULL,'1','2023-02-07 13:02:57',NULL,1),(403,'418','106','OM DOLLAR CHAIN 1',NULL,'18 GM','60000','24','2021-12-08',NULL,'1','2023-02-07 13:04:12',NULL,1),(404,'418','106','NECKLAS 1',NULL,'23.9 GM','76000','24','2022-05-18',NULL,'1','2023-02-07 13:05:06',NULL,1),(405,'419','106','CHAIN 1',NULL,'4 GM','13000','24','2021-12-28',NULL,'1','2023-02-07 13:05:39',NULL,1),(406,'419','106','RING 2',NULL,'3.8 GM','10000','24','2022-05-20',NULL,'1','2023-02-07 13:06:17',NULL,1),(407,'420','176','RING 2',NULL,'3.1 GM','6000','24','2022-01-07',NULL,'1','2023-02-07 13:08:21',NULL,1),(408,'420','176','KAL KAMMAL 1 JODI',NULL,'1.5 GM','3500','24','2022-08-01',NULL,'1','2023-02-07 13:09:35',NULL,1),(409,'421','177','KOLUSU 1 JODI',NULL,'84 GM','1500','24','2022-08-01',NULL,'1','2023-02-07 13:11:32',NULL,1),(410,'421','177','KOLSU 1 JODI, KODI 1','521 PAGE','105 GM','2500','24','2022-09-18',NULL,'1','2023-02-07 13:12:34',NULL,1),(411,'422','177','ARUNTHA KODI',NULL,'38 GM','1000','24','2022-01-10',NULL,'1','2023-02-07 13:13:48',NULL,1),(412,'423','178','KAMMAL 1 JODI',NULL,'2.6 GM','10000','24','2022-08-12',NULL,'1','2023-02-07 13:14:50',NULL,1),(413,'424','178','CHAIN 1','455 PAGE','6.7 GM','25000','24','2022-10-08',NULL,'2','2023-02-07 13:15:41','2023-02-08',1),(414,'425','179','KAMMAL 1 JODI','455 PAGE','3 GM','10000','24','2022-10-18',NULL,'1','2023-02-07 13:17:18',NULL,1),(415,'426','180','KODI  1','456 PAGE','123 GM','5000','24','2022-07-04',NULL,'1','2023-02-07 13:18:34',NULL,1),(416,'427','181','KAMMAL 1 JODI, MUKUTHI 1= 1.2 GM, KODI 80 GM',NULL,NULL,'6500','24','2022-08-08',NULL,'1','2023-02-07 13:21:00',NULL,1),(417,'428','182','RING 1 RM','AMMAN 785','4 GM','15000','24','2022-10-23',NULL,'1','2023-02-07 13:22:26',NULL,1),(418,'433','183','RING 1 MT',NULL,'3.2 GM','11000','24','2022-12-23',NULL,'1','2023-02-07 13:23:57',NULL,1),(419,'438','99','VALAYAM MATTAL 1 JODI',NULL,'6.3 GM','20000','24','2022-08-02',NULL,'1','2023-02-07 13:26:37',NULL,1),(420,'439','184','KAL KAMMAL 1 JODI = 3.5 GM',NULL,'2.3 GM','8000','24','2022-05-27',NULL,'1','2023-02-07 13:28:44',NULL,1),(421,'439','184','KODI 1',NULL,'175 GM','4500','24','2022-12-13',NULL,'1','2023-02-07 13:29:20',NULL,1),(422,'440','185','kammal 1 jodi, kammal jimiki 1 jodi',NULL,'6.2 gm','19000','24','2022-04-11',NULL,'1','2023-02-07 13:31:09',NULL,1),(423,'441','186','om dollar chain 1',NULL,'7 gm','23000','24','2022-04-27',NULL,'1','2023-02-07 13:32:24',NULL,1),(424,'441','186','ring 1',NULL,'1 gm','3000','24','2022-12-29',NULL,'1','2023-02-07 13:32:59',NULL,1),(425,'442','186','kal ring 1 = 2.9 gm',NULL,'2.5 gm','9000','24','2022-10-21',NULL,'1','2023-02-07 13:33:52',NULL,1),(426,'443','186','ring 1',NULL,'8 gm','28000','24','2022-11-09',NULL,'1','2023-02-07 13:34:25',NULL,1),(427,'444','187','RING 1',NULL,'1.9 GM','2000','24','2023-02-03',NULL,'1','2023-02-07 13:35:55',NULL,1),(428,'445','187','KOLUSU 1 JODI',NULL,'77 GM','1500','24','2022-11-14',NULL,'1','2023-02-07 13:36:40',NULL,1),(429,'447','188','RING 1',NULL,'2.1 GM','7000','24','2022-12-05',NULL,'1','2023-02-07 13:38:54',NULL,1),(430,'448','189','RING 1',NULL,'1.8 GM','5000','24','2022-04-25',NULL,'1','2023-02-07 13:40:28',NULL,1),(431,'451','190','RING 2, KAI CHAIN 1',NULL,NULL,'20000','24','2022-05-09',NULL,'1','2023-02-07 13:42:13',NULL,1),(432,'452','191','RING 1',NULL,'6.4 GM','15000','24','2022-11-13',NULL,'1','2023-02-07 13:44:07',NULL,1),(433,'453','143','KAMMAL 1 JODI',NULL,'1.6 GM','5000','24','2022-05-11',NULL,'1','2023-02-07 13:47:11',NULL,1),(434,'454','192','CHAIN 1',NULL,'15 GM','55000','24','2022-11-19',NULL,'1','2023-02-07 13:48:30',NULL,1),(435,'454','192','KAMMAL 1 JODI, NECKLAS 1',NULL,'16.7 GM','60000','24','2022-11-18',NULL,'1','2023-02-07 13:49:57',NULL,1),(436,'455','108','RING 1',NULL,'4 GM','12000','24','2021-01-28',NULL,'1','2023-02-07 13:50:55',NULL,1),(437,'456','193','RING 1',NULL,'3.5 GM','13000','24','2023-02-04',NULL,'1','2023-02-07 13:52:35',NULL,1),(438,'458','194','VALAYAL 1',NULL,'8 GM','28000','24','2022-05-30',NULL,'1','2023-02-07 13:54:05',NULL,1),(439,'458','194','THEN KUDU KAMMAL 1 JODI',NULL,'3.9 GM','14000','24','2022-08-31',NULL,'1','2023-02-07 13:54:53',NULL,1),(440,'460','195','RING 2',NULL,'3.7 GM','10000','24','2022-08-08',NULL,'1','2023-02-07 13:57:28',NULL,1),(441,'460','195','GOLD COIN = 400 ML, KODI 60 GM','ALAGESAN ATHAI KAGA',NULL,'2600','24','2022-12-12',NULL,'1','2023-02-07 13:58:50',NULL,1),(443,'464','196','RING 1',NULL,'2 GM','7000','24','2022-08-31',NULL,'1','2023-02-07 14:01:30',NULL,1),(444,'464','196','KAI CHAIN 1','VEL SON SAKTHIVEL MULAM','8.2 GM','20000','24','2023-01-29',NULL,'1','2023-02-07 14:02:26',NULL,1),(445,'466','197','kammal 1 jodi',NULL,'4.1 gm','15000','24','2022-06-20',NULL,'1','2023-02-07 17:07:22',NULL,1),(446,'466','197','ring 1, kammal 1 jodi',NULL,'2.2 gm','7000','24','2022-05-23',NULL,'1','2023-02-07 17:08:25',NULL,1),(447,'467','198','kal kammal 1 jodi = 5.5 gm',NULL,'4.5 gm','18000','24','2022-07-11',NULL,'1','2023-02-07 17:10:49',NULL,1),(448,'467','198','ring 2',NULL,'2.8 gm','8000','24','2022-11-08',NULL,'1','2023-02-07 17:11:16',NULL,1),(449,'468','199','kal nelivu ring 1 =4.5 gm',NULL,'3.5 gm','10000','24','2023-02-04',NULL,'1','2023-02-07 17:12:46',NULL,1),(450,'470','200','ilai kammal 1 jodi = 2.4 gm',NULL,'1.6 gm','5500','24','2022-08-27',NULL,'1','2023-02-07 17:14:29',NULL,1),(451,'471','53','kammal 1 jodi',NULL,'2 gm','7000','24','2022-09-29',NULL,'1','2023-02-07 17:16:09',NULL,1),(452,'471','53','kammal 1 jodi',NULL,'2 gm','7000','24','2023-01-03',NULL,'1','2023-02-07 17:16:40',NULL,1),(453,'474','148','ring 1','507 page','2 gm','8500','24','2022-10-01',NULL,'1','2023-02-07 17:18:23',NULL,1),(454,'475','201','RING 1',NULL,'900 ML','3000','24','2022-07-21',NULL,'1','2023-02-07 17:19:48',NULL,1),(455,'475','201','KOLUSU',NULL,'86 GM','2000','24','2022-07-21',NULL,'1','2023-02-07 17:20:26',NULL,1),(456,'476','202','RING 1','AMMAN 792','5.3 GM','17000','24','2022-01-08',NULL,'1','2023-02-07 17:21:57',NULL,1),(457,'478','203','PAVALAKKAL RING 1= 3.6 gm',NULL,'3 gm','10000','24','2023-01-03',NULL,'1','2023-02-07 17:23:42',NULL,1),(458,'479','204','kammal 1 jodi, ring 1, dollar 1','512 page','7.3 gm','24000','24','2022-10-03',NULL,'1','2023-02-07 17:25:33',NULL,1),(459,'480','205','KOLUSU 5 NUMBER OF = 156 GM, RING1 , ARASALAI 1 = 3 GM','512',NULL,'13000','24','2022-10-22',NULL,'1','2023-02-07 17:27:30',NULL,1),(460,'480','205','KOLUSU 2 JODI',NULL,'275 GM','6000','24','2022-11-07',NULL,'1','2023-02-07 17:28:05',NULL,1),(461,'481','206','KAMMAL 1 JODI, RING 1','512 PAGE','4 GM','14000','24','2022-09-25',NULL,'1','2023-02-07 17:29:21',NULL,1),(462,'481','206','RING 1',NULL,'3 GM','11000','24','2023-01-10',NULL,'1','2023-02-07 17:29:56',NULL,1),(463,'483','207','KAL NECKLAS 1 = 25.8 GM','C.JEYALAKSHMI MULAM','22 GM','90000','24','2022-09-10',NULL,'1','2023-02-07 17:31:34',NULL,1),(464,'484','208','RING 1','516 PAGE','1 GM','3000','24','2022-09-12',NULL,'1','2023-02-07 17:32:59',NULL,1),(465,'485','209','RING 1',NULL,'3.8 GM','15000','24','2023-01-17',NULL,'1','2023-02-07 17:34:09',NULL,1),(466,'486','209','KAMMAL 1 JODI',NULL,'3.8 GM','13000','24','2023-01-23',NULL,'1','2023-02-07 17:34:41',NULL,1),(467,'486','209','KAMMAL 1 JODI, MATTALA 1 JODI',NULL,'21.8 GM','0','24','2023-02-25',NULL,'2','2023-02-07 17:35:24','2023-02-25',1),(468,'487','210','KAMMAL 2 JODI',NULL,'1.5 GM','5500','24','2022-11-02',NULL,'1','2023-02-07 17:37:37',NULL,1),(469,'488','211','KAMMAL THONGATTAN 1 JODI',NULL,'3.3 GM','13000','24','2023-01-10',NULL,'1','2023-02-07 17:38:43',NULL,1),(470,'492','212','KAMMAL JIMIKI 1 JODI','524 PAGE','4 GM','14000','24','2022-09-28',NULL,'1','2023-02-07 17:40:15',NULL,1),(471,'493','213','RING 1','525 PAGE','5.8 GM','15000','24','2022-09-29',NULL,'1','2023-02-07 17:41:40',NULL,1),(472,'493','213','KODI 1',NULL,'75 GM','1500','24','2022-01-04',NULL,'1','2023-02-07 17:42:05',NULL,1),(473,'494','214','CHAIN 1','525 PAGE','7.7 GM','22000','24','2022-10-06',NULL,'1','2023-02-07 17:43:57',NULL,1),(474,'499','215','RING 1, KAMMAL 1 JODI','EMPERUMAL KAGA','6 GM','22000','24','2022-10-18',NULL,'1','2023-02-07 17:46:01',NULL,1),(475,'501','66','RING 1',NULL,'2 GM','7000','24','2022-10-25',NULL,'1','2023-02-07 17:46:57',NULL,1),(476,'502','106','RING 1','529 PAGE','1.5 GM','5000','24','2022-10-25',NULL,'1','2023-02-07 17:47:51',NULL,1),(477,'502','106','RING 1 PP',NULL,'2.9 GM','10000','24','2022-05-08',NULL,'1','2023-02-07 17:48:34',NULL,1),(478,'504','216','CHAIN 1',NULL,'10 GM','20000','24','2022-11-21',NULL,'1','2023-02-07 17:49:53',NULL,1),(479,'505','217','VALAYAM 1 JODI','DAYANA SATHISH','3.65 GM','12641','24','2023-02-25',NULL,'1','2023-02-07 17:51:19','2023-02-25',1),(480,'506','194','RING 1',NULL,'1.9 GM','5000','24','2022-05-14',NULL,'1','2023-02-07 17:52:07',NULL,1),(481,'508','218','RING 1',NULL,'3 GM','6000','24','2022-10-26',NULL,'1','2023-02-07 17:53:37',NULL,1),(482,'509','219','KAL KAMMAL 1 JODI =5.37 GM',NULL,'4 GM','11000','24','2022-10-26',NULL,'1','2023-02-07 17:54:54',NULL,1),(483,'510','220','KAL THONGATTAN 1 JODI = 4.7 GM',NULL,'3.5 GM','7000','24','2022-10-26',NULL,'1','2023-02-07 17:56:38',NULL,1),(484,'511','221','RING 1',NULL,'3 GM','7000','24','2022-10-27',NULL,'1','2023-02-07 17:57:53',NULL,1),(485,'512','222','KODI1',NULL,'80 GM','0','24','2023-02-25',NULL,'2','2023-02-07 17:59:01','2023-02-25',1),(486,'512','222','RING 1',NULL,'3 GM','10000','24','2022-12-02',NULL,'1','2023-02-07 17:59:32',NULL,1),(487,'513','166','COIN 2',NULL,'4 GM','13000','24','2022-10-31',NULL,'1','2023-02-07 18:00:23',NULL,1),(488,'513','166','GOLD COIN 1',NULL,'2 GM','7000','24','2022-11-12',NULL,'1','2023-02-07 18:00:57',NULL,1),(489,'514','223','KAMMAL 3 JODI (1 THIRUGANI ILLAI )',NULL,'4.2 GM','15000','24','2022-10-31',NULL,'1','2023-02-07 18:02:46',NULL,1),(490,'515','224','KODI1',NULL,'240 GM','5000','24','2022-11-02',NULL,'1','2023-02-07 18:03:52',NULL,1),(491,'516','98','KAMMAL 1 JODI',NULL,'2.4 GM','7500','24','2022-11-02',NULL,'1','2023-02-07 18:05:04',NULL,1),(492,'520','225','RING 1 SR',NULL,'3.95 GM','5000','24','2023-01-11',NULL,'1','2023-02-07 18:06:43',NULL,1),(493,'522','226','KAMMAL 1 JODI ( THITUGANI ILLAI )','MAGAL MULAM','5.3 GM','20000','24','2023-01-09',NULL,'1','2023-02-07 18:08:37',NULL,1),(494,'522','226','CHAIN 1',NULL,'12.5 GM','30000','24','2023-01-12',NULL,'1','2023-02-07 18:09:15',NULL,1),(495,'523','40','MATTAL 1 JODI',NULL,'2 GM','6000','24','2022-11-10',NULL,'1','2023-02-07 18:10:07',NULL,1),(496,'523','40','KOLUSU 2 JODI','SON MULAM','195 GM','4000','24','2022-12-15',NULL,'1','2023-02-07 18:10:57',NULL,1),(497,'525','3','KAMMAL 1 JODI',NULL,'1.97 GM','7000','24','2022-11-11',NULL,'1','2023-02-07 18:12:07',NULL,1),(498,'525','3','KOLUSU 1 JODI',NULL,'155 GM','3000','24','2022-11-11',NULL,'1','2023-02-07 18:12:46',NULL,1),(499,'526','227','RING 1',NULL,'2.4 GM','6500','24','2022-11-12',NULL,'1','2023-02-07 18:13:52',NULL,1),(500,'527','90','RING 2',NULL,'1.2 GM','4000','24','2023-01-09',NULL,'1','2023-02-07 18:14:53',NULL,1),(501,'530','191','RING 1',NULL,'2.8 GM','5000','24','2022-11-16',NULL,'1','2023-02-07 18:16:01',NULL,1),(502,'532','228','KODI 1',NULL,'120 GM','3500','24','2022-11-12',NULL,'1','2023-02-07 18:17:11',NULL,1),(503,'533','61','KAMMAL 1 JODI, MATTAL 1 JODI','MAGAL MULAM','4.7 GM','11000','24','2022-11-17',NULL,'1','2023-02-07 18:21:12',NULL,1),(504,'535','229','KAMMAL 1 JODI = 800 ML, KOLUSU 1 =50 GM',NULL,NULL,'3500','24','2022-11-19',NULL,'1','2023-02-07 18:22:49',NULL,1),(505,'537','230','RING 1',NULL,'1.6 GM','5000','24','2022-11-19',NULL,'1','2023-02-07 18:24:35',NULL,1),(506,'538','231','KAMMAL 1 JODI',NULL,'1.2 GM','3000','24','2022-11-22',NULL,'1','2023-02-07 18:26:00',NULL,1),(507,'541','169','RING 1',NULL,'2.2 GM','7000','24','2022-11-24',NULL,'1','2023-02-07 18:27:22',NULL,1),(508,'541','169','KOLUSU 1 JODI',NULL,'130 GM','3000','24','2023-01-30',NULL,'1','2023-02-07 18:27:57',NULL,1),(509,'543','3','RING 1 = 500 ML, KODI = 52 GM',NULL,NULL,'2500','24','2022-12-05',NULL,'1','2023-02-07 18:29:13',NULL,1),(510,'545','232','RING 1',NULL,'5 GM','5000','24','2023-02-02',NULL,'1','2023-02-07 18:31:40',NULL,1),(511,'546','233','KAMMAL 1 JODI',NULL,'2.9 GM','10000','24','2022-12-01',NULL,'1','2023-02-07 19:15:46',NULL,1),(512,'547','234','KAMMAL JIMIKI 1 JODI',NULL,'3 GM','10000','24','2022-12-05',NULL,'1','2023-02-07 19:17:03',NULL,1),(513,'548','235','MATTAL 1 JODI',NULL,'2 GM','6000','24','2022-12-03',NULL,'1','2023-02-07 19:18:15','2023-02-08',1),(514,'549','236','RING 1',NULL,'2 GM','3000','24','2022-12-03',NULL,'1','2023-02-07 19:19:19',NULL,1),(515,'550','237','RING 2',NULL,'1.75 GM','6000','24','2022-12-03',NULL,'1','2023-02-07 19:20:43',NULL,1),(516,'552','238','STAR KAMMAL 1 JODI = 1.3 GM','SABITHA VU KAGA','1 GM','3500','24','2022-12-12',NULL,'1','2023-02-07 19:22:53',NULL,1),(517,'555','239','KAMMAL MATTAL 1 JODI','AMMAN 790','7.5 GM','25000','24','2022-12-13',NULL,'1','2023-02-07 19:25:18',NULL,1),(518,'556','240','KAMMAL 1 JODI','AMMAN  791','1.7 GM','6000','24','2022-12-14',NULL,'1','2023-02-07 19:27:21',NULL,1),(519,'558','241','RING 1, KAMMAL 1 JODI',NULL,'3.75 GM','12000','24','2022-12-14',NULL,'1','2023-02-07 19:29:06',NULL,1),(520,'561','242','CHAIN 1',NULL,'18.5 GM','50000','24','2022-12-18',NULL,'1','2023-02-07 19:31:34',NULL,1),(521,'562','243','RING 1 PT',NULL,'4 GM','4000','24','2022-12-20',NULL,'1','2023-02-07 19:37:10',NULL,1),(522,'562','243','RING 1',NULL,'1.6 GM','2500','24','2023-01-30',NULL,'1','2023-02-07 19:38:35',NULL,1),(523,'564','244','MEEN DOLLAR CHAIN 1',NULL,'10 GM','0','24','2023-02-25',NULL,'2','2023-02-07 19:40:19','2023-02-25',1),(524,'565','192','KAMMAL 1 JODI, RING 1',NULL,'5 GM','20000','24','2022-12-21',NULL,'1','2023-02-07 19:41:19',NULL,1),(525,'565','192','KAMMAL THONGATTAN 1 JODI',NULL,'4 GM','15000','24','2022-12-26',NULL,'1','2023-02-07 19:41:55',NULL,1),(526,'566','176','MATTAL 1 JODI',NULL,'1.95 GM','7500','24','2022-12-23',NULL,'1','2023-02-07 19:43:10',NULL,1),(527,'568','245','RING 1',NULL,'3 GM','4000','24','2022-12-26',NULL,'1','2023-02-07 19:44:17',NULL,1),(528,'568','245','KAL KAMMAL 1 JODI = 4.7 GM',NULL,'3.5 GM','12000','24','2023-01-19',NULL,'1','2023-02-07 19:45:08',NULL,1),(529,'569','246','RING 1',NULL,'4.3 GM','0','24','2023-02-25',NULL,'2','2023-02-07 19:46:23','2023-02-25',1),(530,'570','247','KAL RING 1 , KAMMAL 1 JODI = 4.3 GM',NULL,'3 GM','10000','24','2022-12-30',NULL,'1','2023-02-07 19:48:25',NULL,1),(531,'571','248','KAMMAL 1 JODI',NULL,'3.3 GM','10000','24','2023-01-02',NULL,'1','2023-02-07 19:49:36',NULL,1),(532,'572','37','RING 1',NULL,'1.2 GM','4000','24','2023-01-02',NULL,'1','2023-02-07 19:51:13',NULL,1),(533,'574','249','KAMMAL THONGATTAN 1 JODI',NULL,'4 GM','11000','24','2022-01-05',NULL,'1','2023-02-07 19:52:51',NULL,1),(534,'576','250','RING 1 AK',NULL,'4.3 GM','7000','24','2023-01-07',NULL,'1','2023-02-07 19:54:14',NULL,1),(535,'580','251','RING 3 (1 UDAINTHATHU)',NULL,'5.8 GM','21000','24','2023-01-09',NULL,'1','2023-02-07 19:55:50',NULL,1),(536,'581','252','KAMMAL 1 JODI',NULL,'2 GM','7000','24','2023-01-09',NULL,'1','2023-02-07 19:57:20',NULL,1),(537,'582','253','RING 2',NULL,'4 GM','15000','24','2023-01-11',NULL,'1','2023-02-07 19:58:50',NULL,1),(538,'583','254','KAMMAL 1 JODI, MATTAL 1 JODI',NULL,'3 GM','7000','24','2023-01-29',NULL,'1','2023-02-07 20:01:14',NULL,1),(539,'585','255','KAL KAMMAL 1 JODI = 3.5 GM',NULL,'2.7 GM','10000','24','2023-01-11',NULL,'1','2023-02-07 20:02:36',NULL,1),(540,'586','256','RING 1',NULL,'2.3 GM','3000','24','2023-01-12',NULL,'1','2023-02-07 20:03:48',NULL,1),(541,'587','40','PASI URUNDAI 2',NULL,'1.2 GM','3500','24','2023-01-12',NULL,'1','2023-02-07 20:04:56',NULL,1),(542,'588','257','KAMMAL 1 JODI',NULL,'1.3 GM','5000','24','2023-01-13',NULL,'1','2023-02-07 20:06:25',NULL,1),(543,'590','259','KAMMAL 1 JODI',NULL,'4.25 GM','12500','24','2023-01-18',NULL,'1','2023-02-07 20:08:15',NULL,1),(544,'592','261','RING 1',NULL,'2 GM','7000','24','2023-01-20',NULL,'1','2023-02-07 20:10:35',NULL,1),(545,'592','261','RING  3',NULL,'2.1 GM','5000','24','2023-02-02',NULL,'1','2023-02-07 20:11:14',NULL,1),(546,'594','262','KOLUSU 2 JODI',NULL,'115 GM','3000','24','2023-01-21',NULL,'1','2023-02-07 20:12:30',NULL,1),(547,'594','262','RING 1',NULL,'2 GM','8000','24','2023-01-28',NULL,'1','2023-02-07 20:13:00',NULL,1),(548,'595','263','KODI 1',NULL,'93 GM','3000','24','2023-01-24',NULL,'1','2023-02-07 20:14:06',NULL,1),(549,'597','87','RING 2',NULL,'5 GM','19000','24','2023-02-03',NULL,'1','2023-02-07 20:15:09',NULL,1),(550,'600','264','KAI CHAIN 1  JODI','SUNDAR MULAM','7.7 GM','30000','24','2023-01-27',NULL,'1','2023-02-07 20:17:17',NULL,1),(551,'601','265','KAMMAL 1 JODI',NULL,'2.9 GM','1000','24','2023-01-28',NULL,'1','2023-02-07 20:18:23',NULL,1),(552,'602','266','KAMMAL 1 JODI, COIN 1',NULL,'1.7 GM','6000','24','2023-01-30',NULL,'1','2023-02-07 20:19:40',NULL,1),(553,'603','267','RING 4',NULL,'2 GM','7500','24','2023-01-30',NULL,'1','2023-02-07 20:20:52',NULL,1),(554,'603','267','CHAIN 1',NULL,'8.8 GM','30000','24','2023-02-04',NULL,'1','2023-02-07 20:21:25',NULL,1),(555,'604','205','KAMMAL 1 JODI, KAMMAL THONGATTAN 1 JODI',NULL,'3.6 GM','13000','24','2023-02-02',NULL,'1','2023-02-07 20:22:42',NULL,1),(556,'605','268','RING 1',NULL,'2.4 GM','8000','24','2023-02-04',NULL,'1','2023-02-07 20:24:19','2023-02-08',1),(557,'606','269','KAMMAL 1 JODI, KATHU MATTI 1 JODI',NULL,'3.1 GM','11000','24','2023-02-03',NULL,'1','2023-02-07 20:25:38',NULL,1),(558,'607','270','RING  1, KAI CHAIN 1, KAMMAL1',NULL,'6.5 GM','23000','24','2023-02-05',NULL,'1','2023-02-07 20:27:34',NULL,1),(559,'388','66','KAMMAL 1 JODI',NULL,'2','6000','24','2021-10-24',NULL,'1','2023-02-08 08:43:48',NULL,1),(560,'544','271','KAL RING 1 =1.6 GR',NULL,'1.1 GM','3000','24','2022-11-26',NULL,'1','2023-02-08 08:47:56',NULL,1),(561,'608','272','CHAIN 1',NULL,'7.5 GM','27000','24','2023-02-06',NULL,'1','2023-02-08 09:17:12',NULL,1),(562,'318-1','144',NULL,NULL,NULL,'3000','24','2023-02-07',NULL,'1','2023-02-08 09:25:18',NULL,1),(563,'609','273','RING 3','RING WITH STONE 10.5 STONE FREE 9GR','9 GRM','35000','24','2023-02-07',NULL,'1','2023-02-08 09:45:35',NULL,1),(564,'610','274','RING 1',NULL,'2','3000','24','2023-02-08',NULL,'1','2023-02-08 09:50:22',NULL,1),(565,'20','17','KOLUSU 1 JODI',NULL,'165 GM','5000','24','2022-09-21',NULL,'1','2023-02-08 18:30:44',NULL,1),(566,'47','28','KOLUSU 1 JODI',NULL,'56 GM','1000','24','2021-07-18',NULL,'1','2023-02-08 18:36:05',NULL,1),(567,'53','31','RING 1',NULL,'1 GM','3000','24','2022-05-22',NULL,'1','2023-02-08 18:37:52',NULL,1),(568,'58','34','KODI 1',NULL,'200 GM','6000','24','2022-09-04',NULL,'1','2023-02-08 18:39:56',NULL,1),(569,'60','35','KAMMAL 1 JODI',NULL,'3.3 GM','10000','24','2022-10-10',NULL,'1','2023-02-08 18:41:43',NULL,1),(570,'75','43','KOLUSU 1 JODU',NULL,'43 GM','1000','24','2022-04-04',NULL,'1','2023-02-08 18:44:16',NULL,1),(571,'150','79','RING 1',NULL,'2.15 GM','7000','24','2022-07-16',NULL,'1','2023-02-08 18:47:50',NULL,1),(572,'215','105','KAMMAL 1 JODI','PRABA VU KAGA','1.3 GM','4000','24','2022-09-04',NULL,'1','2023-02-08 18:53:21',NULL,1),(573,'248','118','RING 1',NULL,'1 GM','5000','24','2023-01-23',NULL,'1','2023-02-08 18:56:06',NULL,1),(574,'264','124','KAMMAL 1 JODI',NULL,'2 GM','7000','24','2022-09-14',NULL,'1','2023-02-08 18:57:23',NULL,1),(575,'361','17','KAMMAL 1 JODI',NULL,'1.7 GM','5000','24','2022-10-19',NULL,'1','2023-02-08 19:04:29',NULL,1),(576,'372','53','RING 1',NULL,'1.2 GM','4200','24','2022-10-08',NULL,'1','2023-02-08 19:05:52',NULL,1),(577,'434','275','KAMMAL 1 JODI',NULL,'4','15000','24','2023-02-08',NULL,'1','2023-02-09 09:02:14',NULL,1),(578,'611','276','KAL  KAMMAL THONGATTAN 1 JODI','TOTAL WEIGT 5.5GRM SONE FREE 4GRM','4','20000','24','2023-02-09',NULL,'1','2023-02-09 09:05:21',NULL,1),(579,'612','277','OM DOLLAR CHAIN 1',NULL,'31','50000','24','2023-02-09',NULL,'1','2023-02-09 09:07:31',NULL,1),(580,'380','28','KAMMAL THONGATTAN 1 JODI',NULL,'2.37','8000','24','2023-02-08',NULL,'1','2023-02-09 09:14:09',NULL,1),(581,'500','278','KAMMAL ONLY1',NULL,'1.1 GR','4000','24','2023-02-08',NULL,'1','2023-02-09 09:19:13',NULL,1),(582,'613','279','RING 1',NULL,'2.1','5000','24','2023-02-09',NULL,'1','2023-02-10 08:49:45',NULL,1),(583,'599','246','MATTAL 1 JODI',NULL,'2 GM','0','24','2023-02-25',NULL,'2','2023-02-10 08:52:16','2023-02-25',1),(584,'527b','90','KAMMAL 1 JODI',NULL,'4 GM','10000','24','2023-02-10',NULL,'1','2023-02-11 09:12:49',NULL,1),(585,'543a','3','Bracelet',NULL,'3 GM','11000','24','0203-02-10',NULL,'1','2023-02-11 09:15:22',NULL,1),(586,'55','280','RING 1',NULL,'1.5 GM','4500','24','2023-02-10',NULL,'1','2023-02-11 09:19:20',NULL,1),(587,'435','275','RING 1',NULL,'2 GM','7000','24','2023-02-10',NULL,'1','2023-02-11 09:21:57',NULL,1),(588,'614','281','RING 1','damaged ring','0.5 gr','2000','24','2023-02-10',NULL,'1','2023-02-11 09:24:28',NULL,1),(589,'154','81','CHAIN 1',NULL,'12.5 GM','0','24','2023-02-13',NULL,'2','2023-02-12 09:28:22','2023-02-13',1),(590,'528','282','RING 1',NULL,'4 GM','10000','24','2023-02-11',NULL,'1','2023-02-12 09:32:24',NULL,1),(591,'462','283','POOKKOODAI I JODI',NULL,'4.4 GM','3000','24','2023-02-11',NULL,'1','2023-02-12 09:42:48',NULL,1),(592,'93B','49','PAVALAKKAL RING1','WITH STONE 2 GR STONE FREE 1.6G','1.6 GM','7000','24','2023-02-11',NULL,'1','2023-02-12 09:46:46',NULL,1),(593,'286','132','KOLUSU 1 JODI',NULL,'79gr','1000','24','2023-02-13',NULL,'1','2023-02-13 08:57:39',NULL,1),(594,'1','284','Test','TEST','12','0','24','2023-02-13',NULL,'2','2023-02-13 18:26:41','2023-02-13',1),(595,'12','284','qqqqq','ttt','12','0','24','2023-02-13',NULL,'2','2023-02-13 18:30:43','2023-02-13',1),(596,'564','244','RING 1,chain1',NULL,'5.150','18000','24','2023-02-22',NULL,'1','2023-02-25 09:02:26',NULL,1),(597,'432','183','KAMMAL 1 only',NULL,'2','5000','24','2023-02-22',NULL,'1','2023-02-25 09:05:57',NULL,1),(598,'86b','46','CHAIN 1',NULL,'9','7000','24','2023-02-22',NULL,'1','2023-02-25 09:07:09',NULL,1);
/*!40000 ALTER TABLE `activation` ENABLE KEYS */;
UNLOCK TABLES;

--
-- Table structure for table `activation_details`
--

DROP TABLE IF EXISTS `activation_details`;
/*!40101 SET @saved_cs_client     = @@character_set_client */;
/*!50503 SET character_set_client = utf8mb4 */;
CREATE TABLE `activation_details` (
  `id` int NOT NULL AUTO_INCREMENT,
  `activation_id` int DEFAULT NULL,
  `customer_id` int DEFAULT NULL,
  `intrest` varchar(10) DEFAULT NULL,
  `from_date` date DEFAULT NULL,
  `to_date` date DEFAULT NULL,
  `credit_amount` varchar(10) DEFAULT NULL,
  `intrest_amount` varchar(10) DEFAULT NULL,
  `total_amount` varchar(20) DEFAULT NULL,
  `pay_amount` varchar(10) DEFAULT NULL,
  `balance_amount` varchar(10) DEFAULT NULL,
  `status` varchar(10) DEFAULT NULL,
  `created_at` datetime DEFAULT NULL,
  `update_at` datetime DEFAULT NULL,
  `login_id` int DEFAULT NULL,
  PRIMARY KEY (`id`)
) ENGINE=InnoDB AUTO_INCREMENT=27 DEFAULT CHARSET=utf8mb4 COLLATE=utf8mb4_0900_ai_ci;
/*!40101 SET character_set_client = @saved_cs_client */;

--
-- Dumping data for table `activation_details`
--

LOCK TABLES `activation_details` WRITE;
/*!40000 ALTER TABLE `activation_details` DISABLE KEYS */;
INSERT INTO `activation_details` VALUES (1,17,15,'24','2020-10-16','2023-02-06','12000','6,651.62','12006',NULL,'NaN','2','2023-02-06 09:11:42',NULL,1),(2,33,27,'24','2019-03-14','2023-02-06','3500','3,279.45','3503',NULL,'NaN','2','2023-02-06 11:37:33',NULL,1),(3,33,27,'24','2019-03-14','2023-02-06','3500','3,279.45','3503',NULL,'NaN','2','2023-02-06 11:37:59',NULL,1),(4,34,27,'24','2019-10-03','2023-02-06','60000','48,210.41','60048',NULL,'NaN','2','2023-02-06 11:38:21',NULL,1),(5,37,28,'24','2021-09-23','2023-02-06','10000','3,294.25','10003',NULL,'NaN','2','2023-02-06 11:41:23',NULL,1),(6,413,178,'24','2022-10-08','2023-02-08','25000','2,021.92','25002','5000','NaN','2','2023-02-08 08:59:50',NULL,1),(7,556,268,'24','2023-02-04','2023-02-08','8000','21.04','8021.04','8021.04','0','1','2023-02-08 09:08:02',NULL,1),(8,513,235,'24','2022-12-03','2023-02-08','6000','264.33','6264.33','6264.33','0','1','2023-02-08 09:36:15',NULL,1),(12,442,196,'24','2022-12-30','2023-02-11','14000','395.84','14395.84','14395.84','0','1','2023-02-11 14:30:49',NULL,1),(13,239,118,'24','2023-02-01','2023-02-11','2000','13.15','2013.15','2013.15','0','1','2023-02-11 14:38:41',NULL,1),(14,314,148,'24','2023-02-01','2023-02-12','5000','36.16','5036.16','5036.16','0','1','2023-02-12 17:08:54',NULL,1),(15,594,284,'24','2022-06-01','2023-02-13','8350','1411.04','9761','4000','5761','1','2023-02-13 18:28:04',NULL,1),(16,594,284,'24','2023-02-13','2023-02-13','5761','0.00','5761','5761','0','2','2023-02-13 18:28:49',NULL,1),(17,595,284,'24','2022-07-22','2023-02-13','10000','1354.52','11355','5000','6355','1','2023-02-13 18:31:11',NULL,1),(18,595,284,'24','2023-02-13','2023-02-13','6355','0.00','6355','6355','0','2','2023-02-13 18:31:58',NULL,1),(19,589,81,'24','2023-02-11','2023-02-13','40000','52.60','40053','40053','0','2','2023-02-13 19:26:07',NULL,1),(20,304,146,'24','2020-12-14','2023-02-25','20000','10560.00','30560','30560','0','2','2023-02-25 08:51:52',NULL,1),(21,479,217,'24','2022-12-12','2023-02-25','13000','641.10','13641','1000','12641','1','2023-02-25 08:52:46',NULL,1),(22,467,209,'24','2023-01-28','2023-02-25','25000','460.27','25460','25460','0','2','2023-02-25 08:55:24',NULL,1),(23,529,246,'24','2023-01-20','2023-02-25','13000','307.73','13308','13308','0','2','2023-02-25 08:57:15',NULL,1),(24,583,246,'24','2023-02-01','2023-02-25','4000','63.12','4063','4063','0','2','2023-02-25 08:57:34',NULL,1),(25,523,244,'24','2022-12-20','2023-02-25','35000','1541.92','36542','36542','0','2','2023-02-25 09:00:54',NULL,1),(26,485,222,'24','2022-10-26','2023-02-25','2000','160.44','2160','2160','0','2','2023-02-25 15:03:21',NULL,1);
/*!40000 ALTER TABLE `activation_details` ENABLE KEYS */;
UNLOCK TABLES;

--
-- Table structure for table `customers`
--

DROP TABLE IF EXISTS `customers`;
/*!40101 SET @saved_cs_client     = @@character_set_client */;
/*!50503 SET character_set_client = utf8mb4 */;
CREATE TABLE `customers` (
  `id` int NOT NULL AUTO_INCREMENT,
  `full_name` varchar(50) DEFAULT NULL,
  `mobile_number` varchar(10) DEFAULT NULL,
  `id_proof` varchar(20) DEFAULT NULL,
  `gender` varchar(10) DEFAULT NULL,
  `age` int DEFAULT NULL,
  `address` varchar(200) DEFAULT NULL,
  `follow_date` date DEFAULT NULL,
  `follow_message` varchar(5000) DEFAULT NULL,
  `status` varchar(10) DEFAULT NULL,
  `created_at` varchar(30) DEFAULT NULL,
  `updated_at` varchar(30) DEFAULT NULL,
  `login_id` int DEFAULT NULL,
  PRIMARY KEY (`id`)
) ENGINE=InnoDB AUTO_INCREMENT=285 DEFAULT CHARSET=utf8mb4 COLLATE=utf8mb4_0900_ai_ci;
/*!40101 SET character_set_client = @saved_cs_client */;

--
-- Dumping data for table `customers`
--

LOCK TABLES `customers` WRITE;
/*!40000 ALTER TABLE `customers` DISABLE KEYS */;
INSERT INTO `customers` VALUES (1,'SARAVANAN V PKU',NULL,'ADHAR','Male',32,'PADUKKAPATHU',NULL,NULL,'1','2023-02-05 17:17:22','2023-02-06 08:42:49',1),(2,'ANTHONIRAJ M SKU','9698223748','ADHAR','Male',28,'S/O MICHAEL NADAR \r\nSOKKANKUDIEWRUPPU',NULL,NULL,'1','2023-02-05 17:20:58','2023-02-06 08:43:39',1),(3,'RASOOL KARUMAVILAI','9600554766','ADHAR','Male',28,'KARUMAVILAI',NULL,NULL,'1','2023-02-05 17:26:42','2023-02-06 08:43:55',1),(4,'ARIKRISHNAN PANAVILAI',NULL,NULL,'1',28,'PANAVILAI',NULL,NULL,'1','2023-02-05 17:32:53',NULL,1),(5,'AMBIKA D/O KASPALAM',NULL,NULL,'Female',30,'KASIPALAM DAUGTER',NULL,NULL,'1','2023-02-05 17:38:19','2023-02-06 08:44:12',1),(6,'MADASAMI S/O SHUNMUGATHAI',NULL,NULL,'1',30,'MARAKKUDI',NULL,NULL,'1','2023-02-05 17:40:29',NULL,1),(7,'AMIRTHALINGAM V','8608860085',NULL,'Male',28,'USARATHUKUDIERUPPU',NULL,NULL,'1','2023-02-05 17:43:04','2023-02-05 17:46:11',1),(8,'MANOHARAN  S KUTTAM','9788125027',NULL,'Male',40,'KUTTAM',NULL,NULL,'1','2023-02-05 17:43:42','2023-02-06 08:44:45',1),(9,'KARTHI A',NULL,NULL,'1',48,'S/O ARUNASALAM, USARATHUKUDIERUPPU',NULL,NULL,'1','2023-02-05 17:52:23',NULL,1),(10,'JEYASEKAR PANAILAI',NULL,NULL,'Female',45,'PANAVILAI',NULL,NULL,'1','2023-02-06 08:48:09','2023-02-06 09:18:29',1),(11,'NAGARAJAN ESAKKI MARAKKUDI',NULL,NULL,'1',40,'MARAKKUDI',NULL,NULL,'1','2023-02-06 08:51:03',NULL,1),(12,'CHINNADURAI KASIPALAM',NULL,NULL,'1',35,'UKU',NULL,NULL,'1','2023-02-06 08:55:52',NULL,1),(13,'MUTHULINGAM S/O ISAKIMUTHU MUPAN','6379005993',NULL,'1',24,NULL,NULL,NULL,'1','2023-02-06 08:59:14',NULL,1),(14,'PETCHIAMMAL GHANDHIPURI',NULL,NULL,'2',NULL,NULL,NULL,NULL,'1','2023-02-06 09:02:32',NULL,1),(15,'SATHISH KUMAR S/O MILA MURUGESAN',NULL,NULL,'1',28,NULL,NULL,NULL,'1','2023-02-06 09:07:50',NULL,1),(16,'AAVUDAIAMMAL W/O SUDALAIKAN MARAKUDI',NULL,NULL,'2',NULL,NULL,NULL,NULL,'1','2023-02-06 09:12:33',NULL,1),(17,'PULOMI KETTAVILAI',NULL,NULL,'Male',NULL,'KETTAVILAI',NULL,NULL,'1','2023-02-06 09:14:15','2023-02-06 09:18:19',1),(18,'MUTHUPANDI S/O ARUNACHALA THEVAR',NULL,NULL,'1',NULL,NULL,NULL,NULL,'1','2023-02-06 09:25:47',NULL,1),(19,'RAMASMY S/O ESAKI THEVAR',NULL,NULL,'1',NULL,NULL,NULL,NULL,'1','2023-02-06 09:28:18',NULL,1),(20,'RAMESH S/O KANAGARAJ','9952162214',NULL,'1',22,NULL,NULL,NULL,'1','2023-02-06 09:31:47',NULL,1),(21,'SUGANYA W/O SARAVANAN',NULL,NULL,'2',NULL,NULL,NULL,NULL,'1','2023-02-06 09:33:58',NULL,1),(22,'SEETA LAKSHMI MARAKKUDI',NULL,NULL,'2',NULL,NULL,NULL,NULL,'1','2023-02-06 09:35:37',NULL,1),(23,'VEL KETTAVILAI',NULL,NULL,'1',NULL,NULL,NULL,NULL,'1','2023-02-06 09:37:44',NULL,1),(24,'PETCHITHAI W/O VELU',NULL,NULL,'2',NULL,NULL,NULL,NULL,'1','2023-02-06 09:43:33',NULL,1),(25,'MAGESWARI W/O SUDALAI',NULL,NULL,'2',NULL,NULL,NULL,NULL,'1','2023-02-06 11:27:03',NULL,1),(26,'NARAYANAKANI ,RAJALAKSHMI THARMAR MAINI',NULL,NULL,'2',NULL,NULL,NULL,NULL,'1','2023-02-06 11:30:47',NULL,1),(27,'SELVARAJ S/O PERIYA YAGAPPAR',NULL,NULL,'1',NULL,NULL,NULL,NULL,'1','2023-02-06 11:32:42',NULL,1),(28,'RUBAN S/O SELVARAJ SOKKANKUDIERUPPU',NULL,NULL,'1',29,'SOKKANKUDIERUPPU',NULL,NULL,'1','2023-02-06 11:39:10',NULL,1),(29,'JEBA SELVI','6381606510',NULL,'2',NULL,NULL,NULL,NULL,'1','2023-02-06 11:50:50',NULL,1),(30,'SAROJA W/O GANESAN',NULL,NULL,'2',NULL,NULL,NULL,NULL,'1','2023-02-06 11:52:19',NULL,1),(31,'NAMACHIVAYAM',NULL,NULL,'1',NULL,NULL,NULL,NULL,'1','2023-02-06 11:54:40',NULL,1),(32,'VEL MARAKKUDI',NULL,NULL,'1',NULL,NULL,NULL,NULL,'1','2023-02-06 11:57:36',NULL,1),(33,'MUTHUSELVI D/O SIVA MURUGAN',NULL,NULL,'Female',NULL,'SANTHAN WIFE MULAM',NULL,NULL,'1','2023-02-06 12:00:26','2023-02-06 12:00:52',1),(34,'SAKTHI KANI W/O DURAIRAJ SAMIAR UKU',NULL,NULL,'2',NULL,'USARATHUKUDIERUPPU',NULL,NULL,'1','2023-02-06 12:03:02',NULL,1),(35,'MUTHU LAKSHMI D/O PARVATHY',NULL,NULL,'2',NULL,NULL,NULL,NULL,'1','2023-02-06 12:04:27',NULL,1),(36,'MARIDURAI H/O MUTHULAKSHMI,PARVATHY',NULL,NULL,'1',NULL,NULL,NULL,NULL,'1','2023-02-06 12:09:48',NULL,1),(37,'SELVAKUMAR CHETTIVILAI KARO SOUP',NULL,NULL,'1',NULL,'CHETTIVILAI',NULL,NULL,'1','2023-02-06 12:11:35',NULL,1),(38,'ARUMUGAM S/O ANAINTHA PERUMAL MARAKKUDI',NULL,NULL,'1',NULL,'MARAKKUDI',NULL,NULL,'1','2023-02-06 12:18:47',NULL,1),(39,'MUTHUPANDI S/O DURAIRAJ SKU',NULL,NULL,'1',NULL,'SOKKANKUDIERUPPU',NULL,NULL,'1','2023-02-06 12:20:39',NULL,1),(40,'REKA  UKU D/O MUKKAMMAL MURUGESAN',NULL,NULL,'2',NULL,'USARATHUKUDIERUPPU',NULL,NULL,'1','2023-02-06 12:25:12',NULL,1),(41,'MUTHURAMAN K',NULL,NULL,'1',NULL,NULL,NULL,NULL,'1','2023-02-06 13:19:42',NULL,1),(42,'GANESAN PKU F/O G.K',NULL,NULL,'1',NULL,'PADUKKAPATHU',NULL,NULL,'1','2023-02-06 13:27:28',NULL,1),(43,'THINAKARAN PKU',NULL,NULL,'1',NULL,NULL,NULL,NULL,'1','2023-02-06 13:28:20',NULL,1),(44,'SUDALAI MUTHUKANI KETTAVILAI',NULL,NULL,'2',NULL,NULL,NULL,NULL,'1','2023-02-06 13:29:56',NULL,1),(45,'MUTHUKUMAR S/O SIVAN THEVAR',NULL,NULL,'1',NULL,NULL,NULL,NULL,'1','2023-02-06 13:33:56',NULL,1),(46,'GRESI @ IRUTHAYA MARY',NULL,NULL,'2',NULL,NULL,NULL,NULL,'1','2023-02-06 13:35:47',NULL,1),(47,'PUSHPAVALLI KANTHAPURAM',NULL,NULL,'2',NULL,NULL,NULL,NULL,'1','2023-02-06 13:37:24',NULL,1),(48,'kasthuri ammanpuram',NULL,NULL,'2',NULL,NULL,NULL,NULL,'1','2023-02-06 13:42:00',NULL,1),(49,'MOOkkammal w/o murugesan uku',NULL,NULL,'Male',NULL,NULL,NULL,NULL,'1','2023-02-06 13:45:03','2023-02-12 09:45:25',1),(50,'UTHAYAKUMAR UKU',NULL,NULL,'1',NULL,NULL,NULL,NULL,'1','2023-02-06 13:47:18',NULL,1),(51,'PETCHIMUTHU S/O MUTHUKUMAR',NULL,NULL,'1',NULL,NULL,NULL,NULL,'1','2023-02-06 13:50:15',NULL,1),(52,'KASTHURI W/O GANESAN',NULL,NULL,'2',NULL,NULL,NULL,NULL,'1','2023-02-06 13:52:25',NULL,1),(53,'JEYARAJAKANI',NULL,NULL,'2',NULL,NULL,NULL,NULL,'1','2023-02-06 13:54:13',NULL,1),(54,'JEBA ROSLIN',NULL,NULL,'2',NULL,NULL,NULL,NULL,'1','2023-02-06 13:57:27',NULL,1),(55,'MAYANDI PUTHUKOTTAI',NULL,NULL,'1',NULL,NULL,NULL,NULL,'1','2023-02-06 13:58:48',NULL,1),(56,'CHITHIRAILINGAM WIFE',NULL,NULL,'2',NULL,NULL,NULL,NULL,'1','2023-02-06 14:04:58',NULL,1),(57,'PETER SOKKANKUDIERUPPU',NULL,NULL,'1',NULL,NULL,NULL,NULL,'1','2023-02-06 14:06:53',NULL,1),(58,'RAMALAKSHMI THATTARMADAM',NULL,NULL,'2',NULL,NULL,NULL,NULL,'1','2023-02-06 14:08:24',NULL,1),(59,'THIRUMAL.M',NULL,NULL,'1',NULL,NULL,NULL,NULL,'1','2023-02-06 15:10:06',NULL,1),(60,'PRABAKARAN VIDEO KOLUNTHATTU',NULL,NULL,'1',NULL,NULL,NULL,NULL,'1','2023-02-06 15:11:38',NULL,1),(61,'BALAKRISHNAN.R',NULL,NULL,'Male',NULL,NULL,NULL,NULL,'1','2023-02-06 15:13:25','2023-02-07 18:23:14',1),(62,'SUDALAINATHAN',NULL,NULL,'1',NULL,NULL,NULL,NULL,'1','2023-02-06 15:18:07',NULL,1),(63,'thamayanthi pethi',NULL,NULL,'2',NULL,NULL,NULL,NULL,'1','2023-02-06 15:26:41',NULL,1),(64,'BALA SUBRAMANIAM S/O ATHIMULAM PKU',NULL,NULL,'Male',NULL,NULL,NULL,NULL,'1','2023-02-06 15:28:58','2023-02-06 15:29:39',1),(65,'RAJA S/O PALAVESAM PKU',NULL,NULL,'1',NULL,NULL,NULL,NULL,'1','2023-02-06 15:30:55',NULL,1),(66,'MUTHURANI ELLUVILAI',NULL,NULL,'2',NULL,NULL,NULL,NULL,'1','2023-02-06 15:32:43',NULL,1),(67,'MUTHU LAKSHMI PUTHUKOTTAI',NULL,NULL,'2',NULL,NULL,NULL,NULL,'1','2023-02-06 15:38:13',NULL,1),(68,'PERIYAPRATTI PKU',NULL,NULL,'2',NULL,NULL,NULL,NULL,'1','2023-02-06 15:40:15',NULL,1),(69,'THANGAKANI W/O SANGARAN',NULL,NULL,'2',NULL,NULL,NULL,NULL,'1','2023-02-06 15:44:47',NULL,1),(70,'ESAKKIMUTHU PA',NULL,NULL,'1',NULL,NULL,NULL,NULL,'1','2023-02-06 15:46:37',NULL,1),(71,'MUTHUPANDI PKU LINGAM SITHAPPA',NULL,NULL,'1',NULL,NULL,NULL,NULL,'1','2023-02-06 15:48:05',NULL,1),(72,'SELVAM MARAKKUDI',NULL,NULL,'1',NULL,NULL,NULL,NULL,'1','2023-02-06 15:49:14',NULL,1),(73,'SUDALAI S/O AMMALKANI',NULL,NULL,'1',NULL,NULL,NULL,NULL,'1','2023-02-06 15:50:38',NULL,1),(74,'SHANTHI KOMMADIKOTTAI',NULL,NULL,'2',NULL,NULL,NULL,NULL,'1','2023-02-06 15:52:07',NULL,1),(75,'SIVA S/O SUDALAIMANI UKU',NULL,NULL,'1',NULL,NULL,NULL,NULL,'1','2023-02-06 15:57:10',NULL,1),(76,'RANJANI W/O MUTHU SELVAN UKU',NULL,NULL,'2',NULL,NULL,NULL,NULL,'1','2023-02-06 15:58:41',NULL,1),(77,'CHELLAIYA',NULL,NULL,'1',NULL,NULL,NULL,NULL,'1','2023-02-06 16:01:14',NULL,1),(78,'THASAN SOKKANKUDIERUPPU',NULL,NULL,'1',NULL,NULL,NULL,NULL,'1','2023-02-06 16:02:33',NULL,1),(79,'CHITHIRAI THEVAR',NULL,NULL,'1',NULL,NULL,NULL,NULL,'1','2023-02-06 16:04:08',NULL,1),(80,'CHITHIRAI THEVAR',NULL,NULL,'1',NULL,NULL,NULL,NULL,'1','2023-02-06 16:04:08',NULL,1),(81,'MURUGAN.C S/O CHITHIRAI THEVAR',NULL,NULL,'1',NULL,NULL,NULL,NULL,'1','2023-02-06 16:06:34',NULL,1),(82,'RAMESH THA',NULL,NULL,'1',NULL,NULL,NULL,NULL,'1','2023-02-06 16:12:10',NULL,1),(83,'MARIAMMAL W/O SUDALAIKAN',NULL,NULL,'2',NULL,NULL,NULL,NULL,'1','2023-02-06 16:13:51',NULL,1),(84,'LAKSHMI W/O VEERA PUTHIRAN',NULL,NULL,'2',NULL,NULL,NULL,NULL,'1','2023-02-06 16:16:42',NULL,1),(85,'PETCHIAMMAL W/O CHINNADURAI',NULL,NULL,'2',NULL,NULL,NULL,NULL,'1','2023-02-06 16:21:12',NULL,1),(86,'RAMA SUBRAMANIAN S/O SUYAMBU',NULL,NULL,'1',NULL,NULL,NULL,NULL,'1','2023-02-06 16:28:29',NULL,1),(87,'THALAVAI PKU S/O  KADARKARAI',NULL,NULL,'1',NULL,NULL,NULL,NULL,'1','2023-02-06 16:32:42',NULL,1),(88,'THALAVAI S/O PONNU THEVAR',NULL,NULL,'1',NULL,NULL,NULL,NULL,'1','2023-02-06 16:34:56',NULL,1),(89,'PERIYASAMY A  S/O ARUMUGAM',NULL,NULL,'1',NULL,NULL,NULL,NULL,'1','2023-02-06 16:36:41',NULL,1),(90,'LINGARAJ  ESAKKIMUTHU MARUMAGAN',NULL,NULL,'1',NULL,NULL,NULL,NULL,'1','2023-02-06 16:39:05',NULL,1),(91,'ESAKKIMUTHU MUPPAN',NULL,NULL,'1',NULL,NULL,NULL,NULL,'1','2023-02-06 16:41:48',NULL,1),(92,'MARIAMMAL THALAYARI',NULL,NULL,'2',NULL,NULL,NULL,NULL,'1','2023-02-06 16:44:34',NULL,1),(93,'PAL SUDALAI',NULL,NULL,'1',NULL,NULL,NULL,NULL,'1','2023-02-06 16:47:13',NULL,1),(94,'KALAISELVAN UKU',NULL,NULL,'1',NULL,NULL,NULL,NULL,'1','2023-02-06 16:51:39',NULL,1),(95,'SURESH PKU',NULL,NULL,'1',NULL,NULL,NULL,NULL,'1','2023-02-06 16:56:05',NULL,1),(96,'SURESH VEYILUKANDAMMANPURAM',NULL,NULL,'1',NULL,NULL,NULL,NULL,'1','2023-02-06 16:58:51',NULL,1),(97,'RATHA  UKU W/O MURUGAN',NULL,NULL,'2',NULL,NULL,NULL,NULL,'1','2023-02-06 17:00:23',NULL,1),(98,'PETCHITHAI W/O POCKET MURUGAN',NULL,NULL,'2',NULL,NULL,NULL,NULL,'1','2023-02-06 17:05:43',NULL,1),(99,'SELVIN THARMASEELAM',NULL,NULL,'Male',NULL,'THATTARMADAM',NULL,NULL,'1','2023-02-06 17:07:57','2023-02-07 13:27:04',1),(100,'MUTHAMMAL MARAKKUDI',NULL,NULL,'2',NULL,NULL,NULL,NULL,'1','2023-02-06 17:12:03',NULL,1),(101,'MUTHULAKSHMI W/O ARUMUGA THEVAR',NULL,NULL,'2',NULL,NULL,NULL,NULL,'1','2023-02-06 17:34:52',NULL,1),(102,'THEVI MARAKKUDI',NULL,NULL,'2',NULL,NULL,NULL,NULL,'1','2023-02-06 17:36:31',NULL,1),(103,'THANGA ESWARAN PKU',NULL,NULL,'1',NULL,NULL,NULL,NULL,'1','2023-02-06 17:39:51',NULL,1),(104,'ESAKKI S/O CHELLAIYA THEVAR',NULL,NULL,'1',NULL,NULL,NULL,NULL,'1','2023-02-06 17:41:52',NULL,1),(105,'RAJALAKSHMI  SON PKU',NULL,NULL,'Male',NULL,NULL,NULL,NULL,'1','2023-02-06 17:44:20','2023-02-06 17:44:35',1),(106,'MURUGARAJ P',NULL,NULL,'1',NULL,NULL,NULL,NULL,'1','2023-02-06 17:46:14',NULL,1),(107,'SUGANYA W/O THILLAIRAJ',NULL,NULL,'2',NULL,NULL,NULL,NULL,'1','2023-02-06 17:56:12',NULL,1),(108,'SELVAM  W/O DURAI UKU',NULL,NULL,'2',NULL,NULL,NULL,NULL,'1','2023-02-06 18:33:38',NULL,1),(109,'KANAGARAJ D',NULL,NULL,'1',NULL,NULL,NULL,NULL,'1','2023-02-06 18:36:41',NULL,1),(110,'VELLADURAI THATTARMADAM',NULL,NULL,'1',NULL,NULL,NULL,NULL,'1','2023-02-06 18:38:00',NULL,1),(111,'MURUGANANTHAM THOPPUVILAI',NULL,NULL,'1',NULL,NULL,NULL,NULL,'1','2023-02-06 18:41:12',NULL,1),(112,'VIMALA MADASAMY',NULL,NULL,'2',NULL,NULL,NULL,NULL,'1','2023-02-06 18:44:26',NULL,1),(113,'MUTHUKUMAR S/O UTHAYAKUMAR',NULL,NULL,'1',NULL,'( KUTTAM SUBRAMANIAN GRANDSON)',NULL,NULL,'1','2023-02-06 18:47:36',NULL,1),(114,'MURUGAN M  S/O AYYAKUTTY',NULL,NULL,'1',NULL,NULL,NULL,NULL,'1','2023-02-06 18:50:42',NULL,1),(115,'SATHYA W/O VIVEGANANTHAN',NULL,NULL,'2',NULL,NULL,NULL,NULL,'1','2023-02-06 18:52:42',NULL,1),(116,'VEERATHAI MARAKKUDI',NULL,NULL,'2',NULL,NULL,NULL,NULL,'1','2023-02-06 18:55:11',NULL,1),(117,'SAKTHIKUMAR  S/O GANESAN',NULL,NULL,'1',NULL,NULL,NULL,NULL,'1','2023-02-06 18:56:25',NULL,1),(118,'KASIKANI MURUKKU',NULL,NULL,'2',NULL,NULL,NULL,NULL,'1','2023-02-06 18:59:52',NULL,1),(119,'MUTHULAKSHMI W/O RAGAVAN ELLUVILAI',NULL,NULL,'2',NULL,NULL,NULL,NULL,'1','2023-02-06 19:04:26',NULL,1),(120,'RAJALAKSHMI THARMAR',NULL,NULL,'2',NULL,NULL,NULL,NULL,'1','2023-02-06 19:09:36',NULL,1),(121,'PRAVINA',NULL,NULL,'2',NULL,NULL,NULL,NULL,'1','2023-02-06 19:12:52',NULL,1),(122,'SRITHAR RAJA',NULL,NULL,'1',NULL,NULL,NULL,NULL,'1','2023-02-06 19:20:34',NULL,1),(123,'KARTHI A',NULL,NULL,'1',NULL,NULL,NULL,NULL,'1','2023-02-06 19:49:55',NULL,1),(124,'SURESH H/O JEEVITHA',NULL,NULL,'1',NULL,NULL,NULL,NULL,'1','2023-02-06 19:52:12',NULL,1),(125,'VELMURUGAN P',NULL,NULL,'1',NULL,NULL,NULL,NULL,'1','2023-02-06 19:53:20',NULL,1),(126,'SENTHURKANI PALRAJ',NULL,NULL,'2',NULL,NULL,NULL,NULL,'1','2023-02-06 19:57:10',NULL,1),(127,'SURESH S/O GANESAPANDI PANAVILAI',NULL,NULL,'1',NULL,NULL,NULL,NULL,'1','2023-02-06 19:58:46',NULL,1),(128,'LAKSHMI W/O SAKTHIVEL UKU',NULL,NULL,'2',NULL,NULL,NULL,NULL,'1','2023-02-06 20:00:34',NULL,1),(129,'SASIKALA W/O MURUGESAN PALLIPATHU',NULL,NULL,'2',NULL,NULL,NULL,NULL,'1','2023-02-06 20:05:14',NULL,1),(130,'MAHALINGAM KALLULI',NULL,NULL,'1',NULL,NULL,NULL,NULL,'1','2023-02-06 20:07:01',NULL,1),(131,'PUTHUKULATHAR',NULL,NULL,'1',NULL,NULL,NULL,NULL,'1','2023-02-06 20:09:41',NULL,1),(132,'SEELA',NULL,NULL,'2',NULL,NULL,NULL,NULL,'1','2023-02-06 20:10:50',NULL,1),(133,'PADMA W/O JEYAMURUGAN',NULL,NULL,'Female',NULL,NULL,NULL,NULL,'1','2023-02-06 20:12:32','2023-02-08 18:59:03',1),(134,'ANANTHARAJ P',NULL,NULL,'1',NULL,NULL,NULL,NULL,'1','2023-02-06 20:20:28',NULL,1),(135,'SUDALAIMUTHU THEVAR S/O KOMBAIYA',NULL,NULL,'Male',NULL,'MARAKKUDI',NULL,NULL,'1','2023-02-06 20:23:24','2023-02-06 20:25:32',1),(136,'VEERATHAI W/O CHITHIRAI THEVAR',NULL,NULL,'2',NULL,'MARAKKUDI',NULL,NULL,'1','2023-02-06 20:26:30',NULL,1),(137,'GNANA XAVIER',NULL,NULL,'1',NULL,NULL,NULL,NULL,'1','2023-02-06 20:29:03',NULL,1),(138,'ASHOK V',NULL,NULL,'1',NULL,NULL,NULL,NULL,'1','2023-02-06 20:31:27',NULL,1),(139,'SUYAMBU AMMANPURAM',NULL,NULL,'1',NULL,NULL,NULL,NULL,'1','2023-02-06 20:32:59',NULL,1),(140,'MANTHIRAM ILANGAMANI',NULL,NULL,'1',NULL,NULL,NULL,NULL,'1','2023-02-06 20:34:52',NULL,1),(141,'MUTHUKANI D/O SURYAKUMARI',NULL,NULL,'2',NULL,NULL,NULL,NULL,'1','2023-02-06 20:36:23',NULL,1),(142,'PETCHITHAI W/O PETCHIMUTHU THEVAR',NULL,NULL,'2',NULL,NULL,NULL,NULL,'1','2023-02-07 09:51:05',NULL,1),(143,'JEYARANI PKU',NULL,NULL,'2',NULL,NULL,NULL,NULL,'1','2023-02-07 09:55:10',NULL,1),(144,'MURUGESWARI D/O VETRIVEL',NULL,NULL,'2',NULL,NULL,NULL,NULL,'1','2023-02-07 10:15:25',NULL,1),(145,'RAMALAKSHMI BIRAMANAVILAI',NULL,NULL,'2',NULL,NULL,NULL,NULL,'1','2023-02-07 10:17:03',NULL,1),(146,'JEYA LAKSHMI PKU',NULL,NULL,'2',NULL,NULL,NULL,NULL,'1','2023-02-07 10:18:15',NULL,1),(147,'VIJAYALAKSHMI PATTU PKU',NULL,NULL,'2',NULL,NULL,NULL,NULL,'1','2023-02-07 10:25:08',NULL,1),(148,'KASIPALAM PA',NULL,NULL,'1',NULL,NULL,NULL,NULL,'1','2023-02-07 10:27:08',NULL,1),(149,'SUGIRTHA PERUMALPURAM',NULL,NULL,'2',NULL,NULL,NULL,NULL,'1','2023-02-07 10:35:24',NULL,1),(150,'RAJAVEL PERUMALPURAM',NULL,NULL,'1',NULL,NULL,NULL,NULL,'1','2023-02-07 10:40:06',NULL,1),(151,'ESAKKIAMMAL SU',NULL,NULL,'2',NULL,NULL,NULL,NULL,'1','2023-02-07 10:42:02',NULL,1),(152,'MUTHU PARVATHY',NULL,NULL,'2',NULL,NULL,NULL,NULL,'1','2023-02-07 10:43:12',NULL,1),(153,'ESWARAN S/O THARMAR PKU',NULL,NULL,'1',NULL,NULL,NULL,NULL,'1','2023-02-07 10:48:34',NULL,1),(154,'VANITHA W/O KUMARESAN',NULL,NULL,'2',NULL,'PUTHANTHARUVAI',NULL,NULL,'1','2023-02-07 10:50:53',NULL,1),(155,'CHITHIRAI GANESAN.M',NULL,NULL,'1',NULL,NULL,NULL,NULL,'1','2023-02-07 10:52:29',NULL,1),(156,'SARAVANAKUMAR S/O THARMAR',NULL,NULL,'1',NULL,NULL,NULL,NULL,'1','2023-02-07 10:54:54',NULL,1),(157,'TAMILSELVI AU',NULL,NULL,'1',NULL,NULL,NULL,NULL,'1','2023-02-07 11:39:27',NULL,1),(158,'RAMU  S/O RAJAMANI NADAR',NULL,NULL,'1',NULL,NULL,NULL,NULL,'1','2023-02-07 11:48:01',NULL,1),(159,'SIVAKRISHNAN PUCHIKADU',NULL,NULL,'1',NULL,NULL,NULL,NULL,'1','2023-02-07 11:52:49',NULL,1),(160,'SIVAGAMI W/O KITTU',NULL,NULL,'2',NULL,NULL,NULL,NULL,'1','2023-02-07 11:56:02',NULL,1),(161,'MOHAN',NULL,NULL,'1',NULL,NULL,NULL,NULL,'1','2023-02-07 11:57:08',NULL,1),(162,'SANKAR GANESH',NULL,NULL,'1',NULL,NULL,NULL,NULL,'1','2023-02-07 12:02:47',NULL,1),(163,'PERIYASAMY.A S/O SUBRAMANIA NADAR',NULL,NULL,'1',NULL,'MODI NAGAR',NULL,NULL,'1','2023-02-07 12:05:29',NULL,1),(164,'SUDALI W/O VELVET',NULL,NULL,'2',NULL,NULL,NULL,NULL,'1','2023-02-07 12:07:14',NULL,1),(165,'SURYAKUMARI UKU',NULL,NULL,'2',NULL,NULL,NULL,NULL,'1','2023-02-07 12:12:09',NULL,1),(166,'SELVI W/O SANGARA NARAYANAN',NULL,NULL,'2',NULL,NULL,NULL,NULL,'1','2023-02-07 12:14:54',NULL,1),(167,'VIJAYALAKSHMI W/O SURESH',NULL,NULL,'2',NULL,NULL,NULL,NULL,'1','2023-02-07 12:25:29',NULL,1),(168,'MUTHUSELVI W/O KATHIRVEL',NULL,NULL,'2',NULL,NULL,NULL,NULL,'1','2023-02-07 12:30:57',NULL,1),(169,'ARUMUGAKANI',NULL,NULL,'2',NULL,NULL,NULL,NULL,'1','2023-02-07 12:33:40',NULL,1),(170,'SURESHKUMAR PERIYATHALAI',NULL,NULL,'1',NULL,NULL,NULL,NULL,'1','2023-02-07 12:39:07',NULL,1),(171,'SORNAPANDI',NULL,NULL,'1',NULL,NULL,NULL,NULL,'1','2023-02-07 12:45:38',NULL,1),(172,'ANNAFLORA KETTAVILAI',NULL,NULL,'2',NULL,NULL,NULL,NULL,'1','2023-02-07 12:47:42',NULL,1),(173,'SINGA',NULL,NULL,'1',NULL,NULL,NULL,NULL,'1','2023-02-07 12:50:24',NULL,1),(174,'SHANTHI W/O PANDI',NULL,NULL,'2',NULL,NULL,NULL,NULL,'1','2023-02-07 12:59:17',NULL,1),(175,'KUMAR @ RAMKUMAR S/O PANDI',NULL,NULL,'1',NULL,'PADUKKAPATHU',NULL,NULL,'1','2023-02-07 13:02:17',NULL,1),(176,'SUDALAIKANNU S/O KUMAR THEVAR',NULL,NULL,'1',NULL,NULL,NULL,NULL,'1','2023-02-07 13:07:37',NULL,1),(177,'MURUGAN S/O SUPPUTHAI',NULL,NULL,'Male',NULL,NULL,NULL,NULL,'1','2023-02-07 13:10:03','2023-02-07 13:10:44',1),(178,'SARASVATHI ELLUVILAI',NULL,NULL,'2',NULL,NULL,NULL,NULL,'1','2023-02-07 13:14:11',NULL,1),(179,'MUTHUKUMAR S/O THANGARAJ',NULL,NULL,'1',NULL,'THOPPUVILAI',NULL,NULL,'1','2023-02-07 13:16:26',NULL,1),(180,'VELMURUGAN KO',NULL,NULL,'1',NULL,NULL,NULL,NULL,'1','2023-02-07 13:17:42',NULL,1),(181,'JAMILA W/O RAJADURAI PUTHANTHARUVAI',NULL,NULL,'2',NULL,NULL,NULL,NULL,'1','2023-02-07 13:19:22',NULL,1),(182,'MANTHIRAMURTHI SOKKANKUDIERUPPU',NULL,NULL,'1',NULL,NULL,NULL,NULL,'1','2023-02-07 13:21:30',NULL,1),(183,'THANGA SUNDARI PKU',NULL,NULL,'Male',NULL,NULL,NULL,NULL,'1','2023-02-07 13:23:11','2023-02-25 09:04:26',1),(184,'VASANTHAKUMARI S/O ARIRAMAN',NULL,NULL,'2',NULL,NULL,NULL,NULL,'1','2023-02-07 13:27:42',NULL,1),(185,'ALPHONSRAJ KETTAVILAI',NULL,NULL,'1',NULL,NULL,NULL,NULL,'1','2023-02-07 13:29:59',NULL,1),(186,'ramalakshmi w/o perumal marakkudi',NULL,NULL,'2',NULL,NULL,NULL,NULL,'1','2023-02-07 13:31:42',NULL,1),(187,'chithirai s/o velammal',NULL,NULL,'1',NULL,'kettavilai',NULL,NULL,'1','2023-02-07 13:35:08',NULL,1),(188,'MAGESWARAN S/O PONNAMBALAM',NULL,NULL,'1',NULL,NULL,NULL,NULL,'1','2023-02-07 13:38:12',NULL,1),(189,'JEYABAL AMMA UKU',NULL,NULL,'2',NULL,NULL,NULL,NULL,'1','2023-02-07 13:39:22',NULL,1),(190,'INDRA W/O MURUGAN',NULL,NULL,'2',NULL,NULL,NULL,NULL,'1','2023-02-07 13:41:10',NULL,1),(191,'SURESH S/O SUPPAIYA MARAKKUDI',NULL,NULL,'1',NULL,NULL,NULL,NULL,'1','2023-02-07 13:42:54',NULL,1),(192,'JANARTHAN KARANGADU',NULL,NULL,'1',NULL,NULL,NULL,NULL,'1','2023-02-07 13:47:47',NULL,1),(193,'SUDALAIMUTHU S/O VEL',NULL,NULL,'1',NULL,NULL,NULL,NULL,'1','2023-02-07 13:51:38',NULL,1),(194,'SIVANTHIKANI SATHUNAVU',NULL,NULL,'2',NULL,NULL,NULL,NULL,'1','2023-02-07 13:53:20',NULL,1),(195,'JEYALAKSHMI.A W/O ARUMUGARAJ UKU',NULL,NULL,'2',NULL,NULL,NULL,NULL,'1','2023-02-07 13:56:38',NULL,1),(196,'JOTHI KETTAVILAI',NULL,NULL,'2',NULL,NULL,NULL,NULL,'1','2023-02-07 13:59:27',NULL,1),(197,'durailingam s',NULL,NULL,'1',NULL,NULL,NULL,NULL,'1','2023-02-07 17:06:07',NULL,1),(198,'chandra marakkudi',NULL,NULL,'1',NULL,NULL,NULL,NULL,'1','2023-02-07 17:09:36',NULL,1),(199,'balammal w/o muthukumar pku',NULL,NULL,'2',NULL,NULL,NULL,NULL,'1','2023-02-07 17:11:54',NULL,1),(200,'selvapakiam pku',NULL,NULL,'2',NULL,NULL,NULL,NULL,'1','2023-02-07 17:13:23',NULL,1),(201,'muthu parameswari ganghipuri',NULL,NULL,'2',NULL,NULL,NULL,NULL,'1','2023-02-07 17:19:09',NULL,1),(202,'MURUGAN.T NADUVAKURICHI',NULL,NULL,'1',NULL,NULL,NULL,NULL,'1','2023-02-07 17:21:05',NULL,1),(203,'LATHA D/O SUYAMBU',NULL,NULL,'2',NULL,NULL,NULL,NULL,'1','2023-02-07 17:22:40',NULL,1),(204,'muthu ilavarasan s/o karuppasamy',NULL,NULL,'1',NULL,'marakkudi',NULL,NULL,'1','2023-02-07 17:24:17',NULL,1),(205,'salet mary',NULL,NULL,'2',NULL,NULL,NULL,NULL,'1','2023-02-07 17:25:52',NULL,1),(206,'LINGAM.S',NULL,NULL,'1',NULL,NULL,NULL,NULL,'1','2023-02-07 17:28:25',NULL,1),(207,'PONRAJA KALLAMOLI',NULL,NULL,'1',NULL,NULL,NULL,NULL,'1','2023-02-07 17:30:22',NULL,1),(208,'KANNAN S/O VAIRAVAN AMMANPURAM',NULL,NULL,'1',NULL,NULL,NULL,NULL,'1','2023-02-07 17:32:09',NULL,1),(209,'SELVI D/O PULAMMAL',NULL,NULL,'2',NULL,NULL,NULL,NULL,'1','2023-02-07 17:33:30',NULL,1),(210,'THANGARAJA S/O PALAVESAM',NULL,NULL,'1',NULL,NULL,NULL,NULL,'1','2023-02-07 17:36:42',NULL,1),(211,'PULAMMAL',NULL,NULL,'2',NULL,NULL,NULL,NULL,'1','2023-02-07 17:37:56',NULL,1),(212,'RAMASUBRAMANIAN S/O SUYAMBU',NULL,NULL,'1',NULL,NULL,NULL,NULL,'1','2023-02-07 17:39:27',NULL,1),(213,'NAVARATHINA NAYAKI PKU',NULL,NULL,'2',NULL,NULL,NULL,NULL,'1','2023-02-07 17:40:40',NULL,1),(214,'VARATHALAKSHMI (GEETHA) D/O RAMACHANDRAN',NULL,NULL,'Female',NULL,'UKU',NULL,NULL,'1','2023-02-07 17:42:52','2023-02-07 17:43:10',1),(215,'SUPPAMMAL PKU',NULL,NULL,'2',NULL,NULL,NULL,NULL,'1','2023-02-07 17:44:51',NULL,1),(216,'JEYAM VELKANI',NULL,NULL,'2',NULL,NULL,NULL,NULL,'1','2023-02-07 17:49:09',NULL,1),(217,'DAYANA PERIYATHALAI',NULL,NULL,'2',NULL,NULL,NULL,NULL,'1','2023-02-07 17:50:20',NULL,1),(218,'MURUGAN S/O  SHANMUGASUNDARAM',NULL,NULL,'1',NULL,'MARAKKUDI',NULL,NULL,'1','2023-02-07 17:52:58',NULL,1),(219,'VELMUTHU S/O VEERAPUTHIRAN',NULL,NULL,'1',NULL,NULL,NULL,NULL,'1','2023-02-07 17:54:03',NULL,1),(220,'UMA MAHESWARAI W/O ESAKKIMUTHU',NULL,NULL,'2',NULL,NULL,NULL,NULL,'1','2023-02-07 17:55:35',NULL,1),(221,'VALLITHAI W/O SANGARAPANDIAN',NULL,NULL,'2',NULL,NULL,NULL,NULL,'1','2023-02-07 17:57:14',NULL,1),(222,'RANJITH KUMAR S/O PANDI',NULL,NULL,'1',NULL,NULL,NULL,NULL,'1','2023-02-07 17:58:28',NULL,1),(223,'RAJAN ELLUVILAI',NULL,NULL,'1',NULL,NULL,NULL,NULL,'1','2023-02-07 18:01:20',NULL,1),(224,'SIVA SITHANKUDIERUPPU',NULL,NULL,'1',NULL,NULL,NULL,NULL,'1','2023-02-07 18:03:12',NULL,1),(225,'DAVID KETTAVILAI',NULL,NULL,'1',NULL,NULL,NULL,NULL,'1','2023-02-07 18:05:39',NULL,1),(226,'CHITHRA CLERK PKU',NULL,NULL,'2',NULL,NULL,NULL,NULL,'1','2023-02-07 18:07:26',NULL,1),(227,'KAVITHA D/O VELSAMY',NULL,NULL,'2',NULL,NULL,NULL,NULL,'1','2023-02-07 18:13:13',NULL,1),(228,'RAM.G S/O GANESAN',NULL,NULL,'1',NULL,NULL,NULL,NULL,'1','2023-02-07 18:16:34',NULL,1),(229,'MURUGESWARI W/O SARATH',NULL,NULL,'2',NULL,NULL,NULL,NULL,'1','2023-02-07 18:21:38',NULL,1),(230,'MUTHUKARUPPAN NORTH STREET PKU',NULL,NULL,'1',NULL,NULL,NULL,NULL,'1','2023-02-07 18:23:55',NULL,1),(231,'PETCHITHAI ESAKKI',NULL,NULL,'2',NULL,NULL,NULL,NULL,'1','2023-02-07 18:25:21',NULL,1),(232,'MOHANRAJ SELVARAJ ATHAN DRIVER',NULL,NULL,'1',NULL,NULL,NULL,NULL,'1','2023-02-07 18:30:36',NULL,1),(233,'VEERAKUMAR S/O AAVUDAIAMMAL',NULL,NULL,'1',NULL,'MARAKKUDI',NULL,NULL,'1','2023-02-07 19:14:55',NULL,1),(234,'AMBIKAI KUMAR PKU',NULL,NULL,'1',NULL,NULL,NULL,NULL,'1','2023-02-07 19:16:19',NULL,1),(235,'KASIKANI W/O KRISHNAN',NULL,NULL,'2',NULL,NULL,NULL,NULL,'1','2023-02-07 19:17:33',NULL,1),(236,'ESWARI W/O MURUGANANTHAM',NULL,NULL,'2',NULL,NULL,NULL,NULL,'1','2023-02-07 19:18:43',NULL,1),(237,'MUTHULAKSHMI W/O MUTHUSELVAN',NULL,NULL,'2',NULL,NULL,NULL,NULL,'1','2023-02-07 19:19:54',NULL,1),(238,'VEERAMANI AMMANPURAM S/O RAJALAKSHMI',NULL,NULL,'Male',NULL,NULL,NULL,NULL,'1','2023-02-07 19:21:15','2023-02-07 19:21:36',1),(239,'ESAKKIMUTHU S/O LINGAM NADUVAKURICHI','6374723556',NULL,'1',NULL,'MARIKOLUNTHU PAULRAJ MULAM',NULL,NULL,'1','2023-02-07 19:24:18',NULL,1),(240,'GANESAN S/O ARUMUGAM MUTHAMMAL','9788185977',NULL,'1',NULL,NULL,NULL,NULL,'1','2023-02-07 19:26:12',NULL,1),(241,'THANGA ESWARI',NULL,NULL,'2',NULL,NULL,NULL,NULL,'1','2023-02-07 19:28:18',NULL,1),(242,'RAJAPANDI NADAR',NULL,NULL,'1',NULL,NULL,NULL,NULL,'1','2023-02-07 19:30:52',NULL,1),(243,'THAMARAISELVI W/O PONPERUMAL PKU',NULL,NULL,'2',NULL,NULL,NULL,NULL,'1','2023-02-07 19:33:29',NULL,1),(244,'SASIKALA W/O JOYSON PERIYATHALAI',NULL,NULL,'2',NULL,NULL,NULL,NULL,'1','2023-02-07 19:39:34',NULL,1),(245,'SIVAN THEVAR',NULL,NULL,'1',NULL,NULL,NULL,NULL,'1','2023-02-07 19:43:42',NULL,1),(246,'NAMBIRAJAN S/O PULAMMAL',NULL,NULL,'1',NULL,NULL,NULL,NULL,'1','2023-02-07 19:45:37',NULL,1),(247,'SARASWATHI W/O KARUPPASAMY',NULL,NULL,'2',NULL,NULL,NULL,NULL,'1','2023-02-07 19:47:18',NULL,1),(248,'MAALAIAMMAL W/O GOVINTHASAMY',NULL,NULL,'2',NULL,NULL,NULL,NULL,'1','2023-02-07 19:49:00',NULL,1),(249,'MALAR W/O SANTHIYA PERIYATHALAI',NULL,NULL,'2',NULL,'XAVIER COLONY, PERIYATHALAI',NULL,NULL,'1','2023-02-07 19:52:06',NULL,1),(250,'THALAVAI S/O NALLAKANNU THEVAR',NULL,NULL,'1',NULL,NULL,NULL,NULL,'1','2023-02-07 19:53:27',NULL,1),(251,'VELRAJ S/O SUPPAIA YOGISWARAR',NULL,NULL,'1',NULL,NULL,NULL,NULL,'1','2023-02-07 19:54:53',NULL,1),(252,'SUDALAIVADIVU D/O CHELLAIA THEVAR',NULL,NULL,'2',NULL,'SISTER OF ESAKKI',NULL,NULL,'1','2023-02-07 19:56:41',NULL,1),(253,'VETRIVEL.K S/O KOVIL PITCHAI',NULL,NULL,'1',NULL,NULL,NULL,NULL,'1','2023-02-07 19:58:11',NULL,1),(254,'ANTHONY VIJAYA KETTAVILAI',NULL,NULL,'2',NULL,'MOTHER OF SUNITHA',NULL,NULL,'1','2023-02-07 19:59:39',NULL,1),(255,'ALAGUTHAI W/O RAJA THEVAR',NULL,NULL,'2',NULL,NULL,NULL,NULL,'1','2023-02-07 20:01:45',NULL,1),(256,'NANTHINI W/O SUNDARAPANDI',NULL,NULL,'2',NULL,NULL,NULL,NULL,'1','2023-02-07 20:03:10',NULL,1),(257,'KALAISELVI.M W/O MAHENTHIRAN VAANAM',NULL,NULL,'2',NULL,NULL,NULL,NULL,'1','2023-02-07 20:05:40',NULL,1),(258,'GEETHA @ ESAKKIAMMAL MARAKKUDI',NULL,NULL,'2',NULL,NULL,NULL,NULL,'1','2023-02-07 20:06:54',NULL,1),(259,'MUTHU S/O SUPPUTHAI',NULL,NULL,'1',NULL,NULL,NULL,NULL,'1','2023-02-07 20:07:31',NULL,1),(260,'MURUGAMMAL W/O MURUGESAN',NULL,NULL,'2',NULL,'KETTAVILAI',NULL,NULL,'1','2023-02-07 20:08:54',NULL,1),(261,'PARAMESWARI W/P MUTHUPANDI',NULL,NULL,'2',NULL,NULL,NULL,NULL,'1','2023-02-07 20:09:42',NULL,1),(262,'JERON S/O KENNADI LURTHU NAGAR',NULL,NULL,'1',NULL,NULL,NULL,NULL,'1','2023-02-07 20:11:53',NULL,1),(263,'GANESH S/O NAGARAJAN UKU',NULL,NULL,'1',NULL,'UKU',NULL,NULL,'1','2023-02-07 20:13:34',NULL,1),(264,'ARANIDEVI',NULL,NULL,'2',NULL,NULL,NULL,NULL,'1','2023-02-07 20:15:55',NULL,1),(265,'MURUGESAN MILA',NULL,NULL,'1',NULL,'UKU',NULL,NULL,'1','2023-02-07 20:17:40',NULL,1),(266,'BANUMATHI W/O MUTHUPANDI',NULL,NULL,'2',NULL,NULL,NULL,NULL,'1','2023-02-07 20:18:51',NULL,1),(267,'SELVI W/O MARIADOSS THARUVAI',NULL,NULL,'2',NULL,NULL,NULL,NULL,'1','2023-02-07 20:20:14',NULL,1),(268,'BALAKRISHNAN S/O JEYARAMAN','9715910606',NULL,'1',NULL,'SIVANKUDIETRU',NULL,NULL,'1','2023-02-07 20:23:46',NULL,1),(269,'MAHADEVI THOPPUVILAI',NULL,NULL,'2',NULL,NULL,NULL,NULL,'1','2023-02-07 20:24:44',NULL,1),(270,'SIVABALAN.C S/O CHITHIRAIVEL',NULL,NULL,'1',NULL,'UKU',NULL,NULL,'1','2023-02-07 20:26:15',NULL,1),(271,'PETCHITHAI W/O MURUGAN ,SHUNMUGADEVAR MARUMAGAL',NULL,NULL,'2',NULL,'MARAKKUDI',NULL,NULL,'1','2023-02-08 08:46:34',NULL,1),(272,'CHELLAPANDI PKU /THARUMAR MARUMAGAN','8122103164',NULL,'1',NULL,'PADUKKAPATHU',NULL,NULL,'1','2023-02-08 09:16:17',NULL,1),(273,'MUTHAIYADEVAR MARAKKUDI',NULL,NULL,'1',NULL,'MARAKKUDI',NULL,NULL,'1','2023-02-08 09:43:11',NULL,1),(274,'KANAGASUNDARI',NULL,NULL,'1',NULL,'W/O MURUGAN PADUKKAPATHU',NULL,NULL,'1','2023-02-08 09:49:31',NULL,1),(275,'PANDI PUROTTA @ Veerapandi',NULL,NULL,'Male',40,'MARAKKUDI',NULL,NULL,'1','2023-02-09 09:01:09','2023-02-11 09:20:41',1),(276,'VALARMATHI G D/O CHITHRAVEL',NULL,NULL,'2',45,'USARATHUKUDIERUPPU',NULL,NULL,'1','2023-02-09 09:03:35',NULL,1),(277,'THAVASIKANI W/O AYYADURAI',NULL,NULL,'2',60,'USARATHUKUDIERUPPU',NULL,NULL,'1','2023-02-09 09:06:19',NULL,1),(278,'CHITHIRAIPALAM UKU',NULL,NULL,'1',60,'USARATHUKUDIERUPPU',NULL,NULL,'1','2023-02-09 09:16:20',NULL,1),(279,'LINGAMURUGAN PKU',NULL,NULL,'1',28,'S/O SUDALAIMANI,PADUKKAPATHU',NULL,NULL,'1','2023-02-10 08:48:51',NULL,1),(280,'MUTHURAMALINGAM SR TEA MASTER',NULL,NULL,'1',30,'SR TEA STALL',NULL,NULL,'1','2023-02-11 09:16:59',NULL,1),(281,'naveen s/o sundarraj','9025944300',NULL,'1',35,'perumalpuram',NULL,NULL,'1','2023-02-11 09:23:11',NULL,1),(282,'SENBAGAVADIVU W/O MANTHIRAMDEVAR',NULL,NULL,'2',50,'MARAKKUDI',NULL,NULL,'1','2023-02-12 09:31:35',NULL,1),(283,'SUTHA D/O THANGAVEL UKU',NULL,NULL,'2',42,'USARATHUKUDIERUPPU',NULL,NULL,'1','2023-02-12 09:41:51',NULL,1),(284,'kannan','9443587282','9344332244','1',44,'Mottavilai\r\nKarankadu PO',NULL,NULL,'1','2023-02-13 18:25:30',NULL,1);
/*!40000 ALTER TABLE `customers` ENABLE KEYS */;
UNLOCK TABLES;

--
-- Table structure for table `deposits_activation`
--

DROP TABLE IF EXISTS `deposits_activation`;
/*!40101 SET @saved_cs_client     = @@character_set_client */;
/*!50503 SET character_set_client = utf8mb4 */;
CREATE TABLE `deposits_activation` (
  `id` int NOT NULL AUTO_INCREMENT,
  `page_number` varchar(50) DEFAULT NULL,
  `customer_id` varchar(20) DEFAULT NULL,
  `item_name` varchar(100) DEFAULT NULL,
  `item_details` varchar(50) DEFAULT NULL,
  `measurement` varchar(20) DEFAULT NULL,
  `credit_amount` varchar(10) DEFAULT NULL,
  `intrest` varchar(10) DEFAULT NULL,
  `from_date` date DEFAULT NULL,
  `status` varchar(10) DEFAULT NULL,
  `created_at` date DEFAULT NULL,
  `updated_at` date DEFAULT NULL,
  `login_id` int DEFAULT NULL,
  PRIMARY KEY (`id`)
) ENGINE=InnoDB AUTO_INCREMENT=2 DEFAULT CHARSET=utf8mb4 COLLATE=utf8mb4_0900_ai_ci;
/*!40101 SET character_set_client = @saved_cs_client */;

--
-- Dumping data for table `deposits_activation`
--

LOCK TABLES `deposits_activation` WRITE;
/*!40000 ALTER TABLE `deposits_activation` DISABLE KEYS */;
INSERT INTO `deposits_activation` VALUES (1,'03','1','DEPOSIT',NULL,NULL,'20500','12','2022-10-04','1','2023-02-15',NULL,NULL);
/*!40000 ALTER TABLE `deposits_activation` ENABLE KEYS */;
UNLOCK TABLES;

--
-- Table structure for table `deposits_activation_details`
--

DROP TABLE IF EXISTS `deposits_activation_details`;
/*!40101 SET @saved_cs_client     = @@character_set_client */;
/*!50503 SET character_set_client = utf8mb4 */;
CREATE TABLE `deposits_activation_details` (
  `id` int NOT NULL AUTO_INCREMENT,
  `activation_id` int DEFAULT NULL,
  `customer_id` int DEFAULT NULL,
  `intrest` varchar(10) DEFAULT NULL,
  `from_date` date DEFAULT NULL,
  `to_date` date DEFAULT NULL,
  `credit_amount` varchar(10) DEFAULT NULL,
  `intrest_amount` varchar(10) DEFAULT NULL,
  `total_amount` varchar(10) DEFAULT NULL,
  `pay_amount` varchar(10) DEFAULT NULL,
  `balance_amount` varchar(10) DEFAULT NULL,
  `status` varchar(10) DEFAULT NULL,
  `created_at` datetime DEFAULT NULL,
  `update_at` datetime DEFAULT NULL,
  `login_id` int DEFAULT NULL,
  `credit_debit` varchar(20) DEFAULT NULL,
  PRIMARY KEY (`id`)
) ENGINE=InnoDB DEFAULT CHARSET=utf8mb4 COLLATE=utf8mb4_0900_ai_ci;
/*!40101 SET character_set_client = @saved_cs_client */;

--
-- Dumping data for table `deposits_activation_details`
--

LOCK TABLES `deposits_activation_details` WRITE;
/*!40000 ALTER TABLE `deposits_activation_details` DISABLE KEYS */;
/*!40000 ALTER TABLE `deposits_activation_details` ENABLE KEYS */;
UNLOCK TABLES;

--
-- Table structure for table `deposits_customers`
--

DROP TABLE IF EXISTS `deposits_customers`;
/*!40101 SET @saved_cs_client     = @@character_set_client */;
/*!50503 SET character_set_client = utf8mb4 */;
CREATE TABLE `deposits_customers` (
  `id` int NOT NULL AUTO_INCREMENT,
  `full_name` varchar(50) DEFAULT NULL,
  `mobile_number` varchar(10) DEFAULT NULL,
  `id_proof` varchar(20) DEFAULT NULL,
  `gender` varchar(10) DEFAULT NULL,
  `age` int DEFAULT NULL,
  `address` varchar(200) DEFAULT NULL,
  `follow_date` date DEFAULT NULL,
  `follow_message` varchar(5000) DEFAULT NULL,
  `status` varchar(10) DEFAULT NULL,
  `date` date DEFAULT NULL,
  `login_id` int DEFAULT NULL,
  PRIMARY KEY (`id`)
) ENGINE=InnoDB AUTO_INCREMENT=4 DEFAULT CHARSET=utf8mb4 COLLATE=utf8mb4_0900_ai_ci;
/*!40101 SET character_set_client = @saved_cs_client */;

--
-- Dumping data for table `deposits_customers`
--

LOCK TABLES `deposits_customers` WRITE;
/*!40000 ALTER TABLE `deposits_customers` DISABLE KEYS */;
INSERT INTO `deposits_customers` VALUES (1,'sri subramanyam swamy tiruchendur',NULL,NULL,'1',NULL,'TIRUCHENDUR',NULL,NULL,'1','2023-02-15',1),(2,'SANKAR BASKAR',NULL,NULL,'1',NULL,'PIRAMANAVILAI',NULL,NULL,'1','2023-02-15',1),(3,'JEGATHA',NULL,NULL,'2',NULL,'SANKAR MAMIYAR',NULL,NULL,'1','2023-02-15',1);
/*!40000 ALTER TABLE `deposits_customers` ENABLE KEYS */;
UNLOCK TABLES;

--
-- Table structure for table `deposits_interest`
--

DROP TABLE IF EXISTS `deposits_interest`;
/*!40101 SET @saved_cs_client     = @@character_set_client */;
/*!50503 SET character_set_client = utf8mb4 */;
CREATE TABLE `deposits_interest` (
  `id` int NOT NULL AUTO_INCREMENT,
  `deposits_interest_value` varchar(10) DEFAULT NULL,
  `status` varchar(10) DEFAULT NULL,
  `created_at` date DEFAULT NULL,
  `login_id` int DEFAULT NULL,
  PRIMARY KEY (`id`)
) ENGINE=InnoDB AUTO_INCREMENT=2 DEFAULT CHARSET=utf8mb4 COLLATE=utf8mb4_0900_ai_ci;
/*!40101 SET character_set_client = @saved_cs_client */;

--
-- Dumping data for table `deposits_interest`
--

LOCK TABLES `deposits_interest` WRITE;
/*!40000 ALTER TABLE `deposits_interest` DISABLE KEYS */;
INSERT INTO `deposits_interest` VALUES (1,'12','1',NULL,NULL);
/*!40000 ALTER TABLE `deposits_interest` ENABLE KEYS */;
UNLOCK TABLES;

--
-- Table structure for table `interest`
--

DROP TABLE IF EXISTS `interest`;
/*!40101 SET @saved_cs_client     = @@character_set_client */;
/*!50503 SET character_set_client = utf8mb4 */;
CREATE TABLE `interest` (
  `id` int NOT NULL AUTO_INCREMENT,
  `interest_value` varchar(10) DEFAULT NULL,
  `status` varchar(10) DEFAULT NULL,
  `created_at` date DEFAULT NULL,
  `login_id` int DEFAULT NULL,
  PRIMARY KEY (`id`)
) ENGINE=InnoDB AUTO_INCREMENT=2 DEFAULT CHARSET=utf8mb4 COLLATE=utf8mb4_0900_ai_ci;
/*!40101 SET character_set_client = @saved_cs_client */;

--
-- Dumping data for table `interest`
--

LOCK TABLES `interest` WRITE;
/*!40000 ALTER TABLE `interest` DISABLE KEYS */;
INSERT INTO `interest` VALUES (1,'24','1',NULL,NULL);
/*!40000 ALTER TABLE `interest` ENABLE KEYS */;
UNLOCK TABLES;

--
-- Table structure for table `user_permission`
--

DROP TABLE IF EXISTS `user_permission`;
/*!40101 SET @saved_cs_client     = @@character_set_client */;
/*!50503 SET character_set_client = utf8mb4 */;
CREATE TABLE `user_permission` (
  `id` int NOT NULL AUTO_INCREMENT,
  `user_id` int DEFAULT NULL,
  `user_types_id` int DEFAULT NULL,
  `roles` int DEFAULT '0',
  `addrole` int DEFAULT '0',
  `editrole` int DEFAULT '0',
  `deleterole` int DEFAULT '0',
  `dashboard` int DEFAULT '1',
  `users` int DEFAULT '0',
  `adduser` int DEFAULT '0',
  `edituser` int DEFAULT '0',
  `deleteuser` int DEFAULT '0',
  `patients` int DEFAULT '0',
  `addpatient` int DEFAULT '0',
  `editpatient` int DEFAULT '0',
  `deletepatient` int DEFAULT '0',
  `blocks` int DEFAULT '0',
  `addblock` int DEFAULT '0',
  `editblock` int DEFAULT '0',
  `deleteblock` int DEFAULT '0',
  `rooms` int DEFAULT '0',
  `addroom` int DEFAULT '0',
  `editroom` int DEFAULT '0',
  `deleteroom` int DEFAULT '0',
  `admission` int NOT NULL DEFAULT '0',
  `billing` int NOT NULL DEFAULT '0',
  `pharmacy` int NOT NULL DEFAULT '0',
  `investigation` int NOT NULL DEFAULT '0',
  `ot` int NOT NULL DEFAULT '0',
  `mrd` int NOT NULL DEFAULT '0',
  `appointments` int NOT NULL DEFAULT '0',
  `mis` int NOT NULL DEFAULT '0',
  `Login_id` int DEFAULT '0',
  PRIMARY KEY (`id`)
) ENGINE=InnoDB AUTO_INCREMENT=5 DEFAULT CHARSET=utf8mb4 COLLATE=utf8mb4_0900_ai_ci;
/*!40101 SET character_set_client = @saved_cs_client */;

--
-- Dumping data for table `user_permission`
--

LOCK TABLES `user_permission` WRITE;
/*!40000 ALTER TABLE `user_permission` DISABLE KEYS */;
INSERT INTO `user_permission` VALUES (1,1,1,1,1,1,1,1,1,1,1,1,1,1,1,1,1,1,1,1,1,1,1,1,1,1,1,1,1,1,1,1,1),(2,2,2,0,0,0,0,1,0,0,0,0,0,0,0,0,0,0,0,0,0,0,0,0,0,0,0,0,0,0,0,0,0),(3,3,3,0,0,0,0,1,0,0,0,0,0,0,0,0,0,0,0,0,0,0,0,0,0,0,0,0,0,0,0,0,0),(4,4,4,0,0,0,0,1,0,0,0,0,0,0,0,0,0,0,0,0,0,0,0,0,0,0,0,0,0,0,0,0,0);
/*!40000 ALTER TABLE `user_permission` ENABLE KEYS */;
UNLOCK TABLES;

--
-- Table structure for table `user_types`
--

DROP TABLE IF EXISTS `user_types`;
/*!40101 SET @saved_cs_client     = @@character_set_client */;
/*!50503 SET character_set_client = utf8mb4 */;
CREATE TABLE `user_types` (
  `id` int NOT NULL AUTO_INCREMENT,
  `user_types_id` int DEFAULT NULL,
  `user_types_name` varchar(191) CHARACTER SET utf8mb3 COLLATE utf8mb3_unicode_ci NOT NULL,
  `created_at` datetime DEFAULT NULL,
  `updated_at` datetime DEFAULT NULL,
  `status` int NOT NULL DEFAULT '1',
  PRIMARY KEY (`id`)
) ENGINE=InnoDB AUTO_INCREMENT=5 DEFAULT CHARSET=utf8mb3 COLLATE=utf8mb3_unicode_ci;
/*!40101 SET character_set_client = @saved_cs_client */;

--
-- Dumping data for table `user_types`
--

LOCK TABLES `user_types` WRITE;
/*!40000 ALTER TABLE `user_types` DISABLE KEYS */;
INSERT INTO `user_types` VALUES (1,1,'Superadmin','2022-06-07 11:42:03','2022-06-07 11:42:08',1),(2,2,'Manager','2022-06-07 06:11:55','2022-06-07 06:11:55',1),(3,3,'Cashier','2022-06-07 06:12:39','2022-06-07 06:12:39',1),(4,4,'Appraiser','2022-06-07 06:12:39','2022-06-07 06:12:39',1);
/*!40000 ALTER TABLE `user_types` ENABLE KEYS */;
UNLOCK TABLES;

--
-- Table structure for table `users`
--

DROP TABLE IF EXISTS `users`;
/*!40101 SET @saved_cs_client     = @@character_set_client */;
/*!50503 SET character_set_client = utf8mb4 */;
CREATE TABLE `users` (
  `id` int NOT NULL AUTO_INCREMENT,
  `user_types_id` int DEFAULT NULL,
  `full_name` varchar(191) CHARACTER SET utf8mb3 COLLATE utf8mb3_unicode_ci DEFAULT NULL,
  `first_name` varchar(20) CHARACTER SET utf8mb3 COLLATE utf8mb3_unicode_ci DEFAULT NULL,
  `last_name` varchar(20) CHARACTER SET utf8mb3 COLLATE utf8mb3_unicode_ci DEFAULT NULL,
  `gender` varchar(191) CHARACTER SET utf8mb3 COLLATE utf8mb3_unicode_ci DEFAULT NULL,
  `mobile_number` varchar(12) CHARACTER SET utf8mb3 COLLATE utf8mb3_unicode_ci DEFAULT NULL,
  `email` varchar(191) CHARACTER SET utf8mb3 COLLATE utf8mb3_unicode_ci DEFAULT NULL,
  `password` varchar(191) CHARACTER SET utf8mb3 COLLATE utf8mb3_unicode_ci DEFAULT NULL,
  `status` varchar(191) CHARACTER SET utf8mb3 COLLATE utf8mb3_unicode_ci DEFAULT '1',
  `dob` varchar(33) CHARACTER SET utf8mb3 COLLATE utf8mb3_unicode_ci DEFAULT NULL,
  `created_at` timestamp NULL DEFAULT NULL,
  `updated_at` timestamp NULL DEFAULT NULL,
  `check_password` varchar(191) CHARACTER SET utf8mb3 COLLATE utf8mb3_unicode_ci DEFAULT NULL,
  `states` varchar(10) CHARACTER SET utf8mb3 COLLATE utf8mb3_unicode_ci DEFAULT '1',
  `district_id` int DEFAULT NULL,
  `taluk_id` int DEFAULT NULL,
  `village_id` int DEFAULT NULL,
  `address` varchar(200) CHARACTER SET utf8mb3 COLLATE utf8mb3_bin DEFAULT NULL,
  `login_id` int DEFAULT NULL,
  `center_id` int DEFAULT '0',
  `profile_photo` varchar(10) CHARACTER SET utf8mb3 COLLATE utf8mb3_unicode_ci DEFAULT NULL,
  `aadhar_number` varchar(12) CHARACTER SET utf8mb3 COLLATE utf8mb3_unicode_ci DEFAULT NULL,
  PRIMARY KEY (`id`)
) ENGINE=InnoDB AUTO_INCREMENT=5 DEFAULT CHARSET=utf8mb3 COLLATE=utf8mb3_unicode_ci;
/*!40101 SET character_set_client = @saved_cs_client */;

--
-- Dumping data for table `users`
--

LOCK TABLES `users` WRITE;
/*!40000 ALTER TABLE `users` DISABLE KEYS */;
INSERT INTO `users` VALUES (1,1,'Amman Finance',NULL,NULL,'Male','1234567890','licsenthil11@gmail.com','$2y$10$xQbKheWI/acrAKRmLD9AYOtOwt8THcgh4A2I.vwVQOdtUVklLx2A.','1',NULL,NULL,NULL,'Gfh3er1321$','1',NULL,NULL,NULL,NULL,NULL,1,NULL,NULL),(2,3,'Manager','k','f','Female','9047736314','manager@gmail.com','$2y$10$iyX2Mfuf2zStKp6kb.Wxk.TZvkzZ5Nxw/mk.ZcwiUAmkEQhvptJ72','1',NULL,'2023-01-05 11:51:28',NULL,'$2y$10$/KvgXoJMGoUzBmGlGJv4Q..QJi7U6Wqgn6G2nTaETmpf.JfUMXKh2','1',NULL,NULL,NULL,'jiniikhguf\r\nyryetryf',NULL,0,'girl.png','i786868'),(3,2,'Cashier',NULL,NULL,'Female',NULL,'cashier@gmail.com','required','1',NULL,'2023-01-05 12:10:15',NULL,'$2y$10$x4GOus0krbYzQvafO0RRuO31ABOXW9JYBC4Bd52gaa8apR1DKarpa','1',NULL,NULL,NULL,NULL,NULL,0,'girl.png',NULL),(4,4,'Appraiser ','Appraiser',NULL,'Male','9344332244','appraiser@gmail.com','$2y$10$xQbKheWI/acrAKRmLD9AYOtOwt8THcgh4A2I.vwVQOdtUVklLx2A.','1',NULL,'2023-01-16 09:24:02',NULL,'Gfh3er1321$','1',NULL,NULL,NULL,'Mottavilai\r\nKarankadu PO',NULL,0,NULL,NULL);
/*!40000 ALTER TABLE `users` ENABLE KEYS */;
UNLOCK TABLES;
/*!40103 SET TIME_ZONE=@OLD_TIME_ZONE */;

/*!40101 SET SQL_MODE=@OLD_SQL_MODE */;
/*!40014 SET FOREIGN_KEY_CHECKS=@OLD_FOREIGN_KEY_CHECKS */;
/*!40014 SET UNIQUE_CHECKS=@OLD_UNIQUE_CHECKS */;
/*!40101 SET CHARACTER_SET_CLIENT=@OLD_CHARACTER_SET_CLIENT */;
/*!40101 SET CHARACTER_SET_RESULTS=@OLD_CHARACTER_SET_RESULTS */;
/*!40101 SET COLLATION_CONNECTION=@OLD_COLLATION_CONNECTION */;
/*!40111 SET SQL_NOTES=@OLD_SQL_NOTES */;

-- Dump completed on 2023-03-01  5:51:28
